photo_id,review_id,url
1,222,http://dummyimage.com/131x100.png/ff4444/ffffff
2,306,http://dummyimage.com/172x100.png/cc0000/ffffff
3,132,http://dummyimage.com/169x100.png/5fa2dd/ffffff
4,175,http://dummyimage.com/191x100.png/cc0000/ffffff
5,61,http://dummyimage.com/220x100.png/cc0000/ffffff
6,145,http://dummyimage.com/118x100.png/5fa2dd/ffffff
7,301,http://dummyimage.com/204x100.png/5fa2dd/ffffff
8,265,http://dummyimage.com/145x100.png/dddddd/000000
9,200,http://dummyimage.com/219x100.png/ff4444/ffffff
10,366,http://dummyimage.com/231x100.png/dddddd/000000
11,141,http://dummyimage.com/114x100.png/5fa2dd/ffffff
12,90,http://dummyimage.com/147x100.png/cc0000/ffffff
13,398,http://dummyimage.com/215x100.png/cc0000/ffffff
14,312,http://dummyimage.com/246x100.png/ff4444/ffffff
15,137,http://dummyimage.com/168x100.png/dddddd/000000
16,210,http://dummyimage.com/157x100.png/5fa2dd/ffffff
17,346,http://dummyimage.com/232x100.png/5fa2dd/ffffff
18,116,http://dummyimage.com/238x100.png/5fa2dd/ffffff
19,279,http://dummyimage.com/188x100.png/ff4444/ffffff
20,174,http://dummyimage.com/121x100.png/5fa2dd/ffffff
21,60,http://dummyimage.com/192x100.png/5fa2dd/ffffff
22,259,http://dummyimage.com/139x100.png/5fa2dd/ffffff
23,149,http://dummyimage.com/108x100.png/5fa2dd/ffffff
24,79,http://dummyimage.com/181x100.png/cc0000/ffffff
25,337,http://dummyimage.com/244x100.png/5fa2dd/ffffff
26,176,http://dummyimage.com/139x100.png/5fa2dd/ffffff
27,291,http://dummyimage.com/204x100.png/cc0000/ffffff
28,81,http://dummyimage.com/225x100.png/dddddd/000000
29,39,http://dummyimage.com/120x100.png/ff4444/ffffff
30,167,http://dummyimage.com/215x100.png/5fa2dd/ffffff
31,96,http://dummyimage.com/117x100.png/cc0000/ffffff
32,284,http://dummyimage.com/213x100.png/ff4444/ffffff
33,119,http://dummyimage.com/208x100.png/dddddd/000000
34,7,http://dummyimage.com/185x100.png/5fa2dd/ffffff
35,96,http://dummyimage.com/215x100.png/ff4444/ffffff
36,177,http://dummyimage.com/238x100.png/dddddd/000000
37,375,http://dummyimage.com/235x100.png/dddddd/000000
38,397,http://dummyimage.com/236x100.png/cc0000/ffffff
39,399,http://dummyimage.com/231x100.png/ff4444/ffffff
40,334,http://dummyimage.com/171x100.png/cc0000/ffffff
41,362,http://dummyimage.com/178x100.png/dddddd/000000
42,46,http://dummyimage.com/113x100.png/cc0000/ffffff
43,261,http://dummyimage.com/183x100.png/cc0000/ffffff
44,245,http://dummyimage.com/223x100.png/5fa2dd/ffffff
45,21,http://dummyimage.com/184x100.png/cc0000/ffffff
46,58,http://dummyimage.com/106x100.png/5fa2dd/ffffff
47,311,http://dummyimage.com/227x100.png/ff4444/ffffff
48,188,http://dummyimage.com/205x100.png/ff4444/ffffff
49,251,http://dummyimage.com/184x100.png/ff4444/ffffff
50,101,http://dummyimage.com/127x100.png/dddddd/000000
51,36,http://dummyimage.com/159x100.png/ff4444/ffffff
52,9,http://dummyimage.com/192x100.png/ff4444/ffffff
53,346,http://dummyimage.com/168x100.png/ff4444/ffffff
54,106,http://dummyimage.com/224x100.png/5fa2dd/ffffff
55,85,http://dummyimage.com/152x100.png/dddddd/000000
56,25,http://dummyimage.com/208x100.png/dddddd/000000
57,305,http://dummyimage.com/103x100.png/ff4444/ffffff
58,95,http://dummyimage.com/157x100.png/ff4444/ffffff
59,255,http://dummyimage.com/178x100.png/dddddd/000000
60,162,http://dummyimage.com/157x100.png/ff4444/ffffff
61,259,http://dummyimage.com/141x100.png/dddddd/000000
62,347,http://dummyimage.com/156x100.png/dddddd/000000
63,263,http://dummyimage.com/119x100.png/cc0000/ffffff
64,112,http://dummyimage.com/188x100.png/dddddd/000000
65,147,http://dummyimage.com/195x100.png/dddddd/000000
66,377,http://dummyimage.com/189x100.png/dddddd/000000
67,359,http://dummyimage.com/121x100.png/5fa2dd/ffffff
68,210,http://dummyimage.com/232x100.png/5fa2dd/ffffff
69,252,http://dummyimage.com/175x100.png/cc0000/ffffff
70,152,http://dummyimage.com/221x100.png/dddddd/000000
71,212,http://dummyimage.com/144x100.png/ff4444/ffffff
72,354,http://dummyimage.com/245x100.png/5fa2dd/ffffff
73,232,http://dummyimage.com/111x100.png/cc0000/ffffff
74,226,http://dummyimage.com/194x100.png/ff4444/ffffff
75,273,http://dummyimage.com/128x100.png/dddddd/000000
76,116,http://dummyimage.com/170x100.png/ff4444/ffffff
77,171,http://dummyimage.com/117x100.png/5fa2dd/ffffff
78,39,http://dummyimage.com/203x100.png/cc0000/ffffff
79,197,http://dummyimage.com/109x100.png/cc0000/ffffff
80,352,http://dummyimage.com/217x100.png/cc0000/ffffff
81,259,http://dummyimage.com/185x100.png/dddddd/000000
82,92,http://dummyimage.com/208x100.png/5fa2dd/ffffff
83,264,http://dummyimage.com/233x100.png/ff4444/ffffff
84,205,http://dummyimage.com/115x100.png/5fa2dd/ffffff
85,13,http://dummyimage.com/123x100.png/dddddd/000000
86,17,http://dummyimage.com/155x100.png/5fa2dd/ffffff
87,216,http://dummyimage.com/196x100.png/cc0000/ffffff
88,259,http://dummyimage.com/120x100.png/dddddd/000000
89,390,http://dummyimage.com/152x100.png/cc0000/ffffff
90,293,http://dummyimage.com/240x100.png/5fa2dd/ffffff
91,277,http://dummyimage.com/192x100.png/dddddd/000000
92,311,http://dummyimage.com/218x100.png/cc0000/ffffff
93,288,http://dummyimage.com/244x100.png/cc0000/ffffff
94,100,http://dummyimage.com/131x100.png/5fa2dd/ffffff
95,136,http://dummyimage.com/200x100.png/ff4444/ffffff
96,99,http://dummyimage.com/155x100.png/5fa2dd/ffffff
97,318,http://dummyimage.com/192x100.png/ff4444/ffffff
98,271,http://dummyimage.com/117x100.png/dddddd/000000
99,78,http://dummyimage.com/169x100.png/dddddd/000000
100,364,http://dummyimage.com/195x100.png/cc0000/ffffff
101,130,http://dummyimage.com/118x100.png/ff4444/ffffff
102,75,http://dummyimage.com/188x100.png/cc0000/ffffff
103,380,http://dummyimage.com/113x100.png/5fa2dd/ffffff
104,300,http://dummyimage.com/177x100.png/5fa2dd/ffffff
105,123,http://dummyimage.com/136x100.png/5fa2dd/ffffff
106,34,http://dummyimage.com/245x100.png/cc0000/ffffff
107,5,http://dummyimage.com/122x100.png/5fa2dd/ffffff
108,30,http://dummyimage.com/165x100.png/ff4444/ffffff
109,60,http://dummyimage.com/145x100.png/cc0000/ffffff
110,182,http://dummyimage.com/247x100.png/dddddd/000000
111,216,http://dummyimage.com/109x100.png/ff4444/ffffff
112,64,http://dummyimage.com/209x100.png/dddddd/000000
113,225,http://dummyimage.com/188x100.png/dddddd/000000
114,200,http://dummyimage.com/193x100.png/ff4444/ffffff
115,21,http://dummyimage.com/115x100.png/ff4444/ffffff
116,85,http://dummyimage.com/215x100.png/ff4444/ffffff
117,237,http://dummyimage.com/123x100.png/ff4444/ffffff
118,225,http://dummyimage.com/120x100.png/ff4444/ffffff
119,173,http://dummyimage.com/196x100.png/5fa2dd/ffffff
120,90,http://dummyimage.com/156x100.png/5fa2dd/ffffff
121,179,http://dummyimage.com/182x100.png/5fa2dd/ffffff
122,315,http://dummyimage.com/219x100.png/5fa2dd/ffffff
123,213,http://dummyimage.com/243x100.png/cc0000/ffffff
124,111,http://dummyimage.com/205x100.png/ff4444/ffffff
125,379,http://dummyimage.com/182x100.png/ff4444/ffffff
126,305,http://dummyimage.com/239x100.png/ff4444/ffffff
127,323,http://dummyimage.com/136x100.png/ff4444/ffffff
128,59,http://dummyimage.com/123x100.png/cc0000/ffffff
129,32,http://dummyimage.com/116x100.png/dddddd/000000
130,118,http://dummyimage.com/236x100.png/5fa2dd/ffffff
131,68,http://dummyimage.com/230x100.png/dddddd/000000
132,222,http://dummyimage.com/202x100.png/ff4444/ffffff
133,388,http://dummyimage.com/191x100.png/dddddd/000000
134,49,http://dummyimage.com/164x100.png/cc0000/ffffff
135,321,http://dummyimage.com/219x100.png/5fa2dd/ffffff
136,282,http://dummyimage.com/116x100.png/5fa2dd/ffffff
137,21,http://dummyimage.com/217x100.png/5fa2dd/ffffff
138,178,http://dummyimage.com/163x100.png/ff4444/ffffff
139,383,http://dummyimage.com/137x100.png/cc0000/ffffff
140,140,http://dummyimage.com/126x100.png/dddddd/000000
141,138,http://dummyimage.com/228x100.png/dddddd/000000
142,186,http://dummyimage.com/203x100.png/5fa2dd/ffffff
143,188,http://dummyimage.com/165x100.png/ff4444/ffffff
144,277,http://dummyimage.com/101x100.png/5fa2dd/ffffff
145,392,http://dummyimage.com/196x100.png/ff4444/ffffff
146,28,http://dummyimage.com/127x100.png/ff4444/ffffff
147,96,http://dummyimage.com/147x100.png/dddddd/000000
148,366,http://dummyimage.com/226x100.png/5fa2dd/ffffff
149,358,http://dummyimage.com/208x100.png/5fa2dd/ffffff
150,22,http://dummyimage.com/137x100.png/5fa2dd/ffffff
151,385,http://dummyimage.com/151x100.png/ff4444/ffffff
152,5,http://dummyimage.com/140x100.png/dddddd/000000
153,307,http://dummyimage.com/218x100.png/5fa2dd/ffffff
154,83,http://dummyimage.com/136x100.png/cc0000/ffffff
155,177,http://dummyimage.com/111x100.png/ff4444/ffffff
156,46,http://dummyimage.com/170x100.png/cc0000/ffffff
157,381,http://dummyimage.com/100x100.png/dddddd/000000
158,267,http://dummyimage.com/107x100.png/5fa2dd/ffffff
159,29,http://dummyimage.com/180x100.png/ff4444/ffffff
160,267,http://dummyimage.com/114x100.png/5fa2dd/ffffff
161,394,http://dummyimage.com/243x100.png/dddddd/000000
162,339,http://dummyimage.com/110x100.png/cc0000/ffffff
163,342,http://dummyimage.com/194x100.png/dddddd/000000
164,7,http://dummyimage.com/166x100.png/dddddd/000000
165,279,http://dummyimage.com/233x100.png/ff4444/ffffff
166,220,http://dummyimage.com/218x100.png/ff4444/ffffff
167,132,http://dummyimage.com/122x100.png/ff4444/ffffff
168,79,http://dummyimage.com/105x100.png/dddddd/000000
169,388,http://dummyimage.com/111x100.png/dddddd/000000
170,220,http://dummyimage.com/198x100.png/5fa2dd/ffffff
171,46,http://dummyimage.com/148x100.png/dddddd/000000
172,307,http://dummyimage.com/161x100.png/ff4444/ffffff
173,389,http://dummyimage.com/110x100.png/cc0000/ffffff
174,258,http://dummyimage.com/192x100.png/5fa2dd/ffffff
175,15,http://dummyimage.com/104x100.png/cc0000/ffffff
176,223,http://dummyimage.com/216x100.png/dddddd/000000
177,256,http://dummyimage.com/137x100.png/dddddd/000000
178,151,http://dummyimage.com/146x100.png/5fa2dd/ffffff
179,378,http://dummyimage.com/218x100.png/cc0000/ffffff
180,69,http://dummyimage.com/109x100.png/5fa2dd/ffffff
181,77,http://dummyimage.com/156x100.png/ff4444/ffffff
182,198,http://dummyimage.com/118x100.png/dddddd/000000
183,104,http://dummyimage.com/188x100.png/ff4444/ffffff
184,13,http://dummyimage.com/195x100.png/cc0000/ffffff
185,194,http://dummyimage.com/187x100.png/ff4444/ffffff
186,140,http://dummyimage.com/179x100.png/5fa2dd/ffffff
187,286,http://dummyimage.com/220x100.png/cc0000/ffffff
188,185,http://dummyimage.com/125x100.png/dddddd/000000
189,17,http://dummyimage.com/228x100.png/cc0000/ffffff
190,177,http://dummyimage.com/169x100.png/cc0000/ffffff
191,61,http://dummyimage.com/219x100.png/cc0000/ffffff
192,293,http://dummyimage.com/157x100.png/cc0000/ffffff
193,68,http://dummyimage.com/163x100.png/cc0000/ffffff
194,254,http://dummyimage.com/128x100.png/cc0000/ffffff
195,277,http://dummyimage.com/142x100.png/dddddd/000000
196,387,http://dummyimage.com/137x100.png/cc0000/ffffff
197,191,http://dummyimage.com/142x100.png/dddddd/000000
198,220,http://dummyimage.com/102x100.png/dddddd/000000
199,243,http://dummyimage.com/241x100.png/5fa2dd/ffffff
200,127,http://dummyimage.com/231x100.png/dddddd/000000
201,352,http://dummyimage.com/174x100.png/5fa2dd/ffffff
202,98,http://dummyimage.com/236x100.png/ff4444/ffffff
203,58,http://dummyimage.com/115x100.png/dddddd/000000
204,223,http://dummyimage.com/237x100.png/cc0000/ffffff
205,302,http://dummyimage.com/104x100.png/ff4444/ffffff
206,143,http://dummyimage.com/222x100.png/5fa2dd/ffffff
207,62,http://dummyimage.com/250x100.png/dddddd/000000
208,104,http://dummyimage.com/144x100.png/dddddd/000000
209,354,http://dummyimage.com/197x100.png/dddddd/000000
210,173,http://dummyimage.com/112x100.png/ff4444/ffffff
211,37,http://dummyimage.com/178x100.png/cc0000/ffffff
212,179,http://dummyimage.com/155x100.png/cc0000/ffffff
213,312,http://dummyimage.com/213x100.png/ff4444/ffffff
214,276,http://dummyimage.com/211x100.png/5fa2dd/ffffff
215,337,http://dummyimage.com/108x100.png/5fa2dd/ffffff
216,310,http://dummyimage.com/136x100.png/dddddd/000000
217,317,http://dummyimage.com/102x100.png/5fa2dd/ffffff
218,90,http://dummyimage.com/128x100.png/5fa2dd/ffffff
219,209,http://dummyimage.com/208x100.png/ff4444/ffffff
220,226,http://dummyimage.com/154x100.png/dddddd/000000
221,339,http://dummyimage.com/237x100.png/5fa2dd/ffffff
222,173,http://dummyimage.com/139x100.png/ff4444/ffffff
223,112,http://dummyimage.com/196x100.png/ff4444/ffffff
224,23,http://dummyimage.com/227x100.png/ff4444/ffffff
225,128,http://dummyimage.com/156x100.png/cc0000/ffffff
226,189,http://dummyimage.com/106x100.png/dddddd/000000
227,183,http://dummyimage.com/144x100.png/5fa2dd/ffffff
228,35,http://dummyimage.com/250x100.png/dddddd/000000
229,270,http://dummyimage.com/107x100.png/dddddd/000000
230,374,http://dummyimage.com/180x100.png/5fa2dd/ffffff
231,21,http://dummyimage.com/233x100.png/5fa2dd/ffffff
232,234,http://dummyimage.com/155x100.png/5fa2dd/ffffff
233,149,http://dummyimage.com/166x100.png/cc0000/ffffff
234,359,http://dummyimage.com/123x100.png/dddddd/000000
235,78,http://dummyimage.com/140x100.png/cc0000/ffffff
236,308,http://dummyimage.com/180x100.png/cc0000/ffffff
237,289,http://dummyimage.com/111x100.png/cc0000/ffffff
238,76,http://dummyimage.com/213x100.png/5fa2dd/ffffff
239,172,http://dummyimage.com/181x100.png/ff4444/ffffff
240,268,http://dummyimage.com/101x100.png/cc0000/ffffff
241,141,http://dummyimage.com/190x100.png/cc0000/ffffff
242,277,http://dummyimage.com/230x100.png/dddddd/000000
243,336,http://dummyimage.com/183x100.png/5fa2dd/ffffff
244,333,http://dummyimage.com/171x100.png/5fa2dd/ffffff
245,39,http://dummyimage.com/160x100.png/ff4444/ffffff
246,306,http://dummyimage.com/200x100.png/dddddd/000000
247,40,http://dummyimage.com/121x100.png/ff4444/ffffff
248,241,http://dummyimage.com/217x100.png/dddddd/000000
249,261,http://dummyimage.com/165x100.png/ff4444/ffffff
250,201,http://dummyimage.com/156x100.png/dddddd/000000
251,57,http://dummyimage.com/170x100.png/cc0000/ffffff
252,94,http://dummyimage.com/203x100.png/dddddd/000000
253,373,http://dummyimage.com/186x100.png/5fa2dd/ffffff
254,149,http://dummyimage.com/152x100.png/ff4444/ffffff
255,287,http://dummyimage.com/148x100.png/ff4444/ffffff
256,7,http://dummyimage.com/226x100.png/5fa2dd/ffffff
257,375,http://dummyimage.com/244x100.png/5fa2dd/ffffff
258,328,http://dummyimage.com/161x100.png/cc0000/ffffff
259,169,http://dummyimage.com/214x100.png/ff4444/ffffff
260,226,http://dummyimage.com/179x100.png/ff4444/ffffff
261,322,http://dummyimage.com/238x100.png/ff4444/ffffff
262,254,http://dummyimage.com/108x100.png/dddddd/000000
263,311,http://dummyimage.com/140x100.png/cc0000/ffffff
264,256,http://dummyimage.com/176x100.png/ff4444/ffffff
265,8,http://dummyimage.com/228x100.png/cc0000/ffffff
266,174,http://dummyimage.com/102x100.png/dddddd/000000
267,5,http://dummyimage.com/112x100.png/cc0000/ffffff
268,227,http://dummyimage.com/227x100.png/cc0000/ffffff
269,195,http://dummyimage.com/187x100.png/5fa2dd/ffffff
270,386,http://dummyimage.com/140x100.png/cc0000/ffffff
271,121,http://dummyimage.com/117x100.png/cc0000/ffffff
272,259,http://dummyimage.com/119x100.png/cc0000/ffffff
273,103,http://dummyimage.com/140x100.png/cc0000/ffffff
274,167,http://dummyimage.com/158x100.png/ff4444/ffffff
275,238,http://dummyimage.com/227x100.png/cc0000/ffffff
276,229,http://dummyimage.com/142x100.png/5fa2dd/ffffff
277,166,http://dummyimage.com/154x100.png/ff4444/ffffff
278,92,http://dummyimage.com/219x100.png/ff4444/ffffff
279,173,http://dummyimage.com/240x100.png/ff4444/ffffff
280,59,http://dummyimage.com/172x100.png/5fa2dd/ffffff
281,271,http://dummyimage.com/139x100.png/ff4444/ffffff
282,296,http://dummyimage.com/159x100.png/dddddd/000000
283,249,http://dummyimage.com/172x100.png/5fa2dd/ffffff
284,382,http://dummyimage.com/157x100.png/cc0000/ffffff
285,133,http://dummyimage.com/249x100.png/dddddd/000000
286,313,http://dummyimage.com/106x100.png/cc0000/ffffff
287,221,http://dummyimage.com/108x100.png/cc0000/ffffff
288,338,http://dummyimage.com/207x100.png/ff4444/ffffff
289,293,http://dummyimage.com/163x100.png/ff4444/ffffff
290,384,http://dummyimage.com/204x100.png/dddddd/000000
291,78,http://dummyimage.com/249x100.png/cc0000/ffffff
292,211,http://dummyimage.com/230x100.png/cc0000/ffffff
293,28,http://dummyimage.com/208x100.png/5fa2dd/ffffff
294,50,http://dummyimage.com/239x100.png/dddddd/000000
295,211,http://dummyimage.com/239x100.png/cc0000/ffffff
296,138,http://dummyimage.com/125x100.png/5fa2dd/ffffff
297,193,http://dummyimage.com/237x100.png/5fa2dd/ffffff
298,191,http://dummyimage.com/217x100.png/dddddd/000000
299,63,http://dummyimage.com/142x100.png/5fa2dd/ffffff
300,292,http://dummyimage.com/216x100.png/ff4444/ffffff
301,196,http://dummyimage.com/201x100.png/ff4444/ffffff
302,340,http://dummyimage.com/227x100.png/ff4444/ffffff
303,191,http://dummyimage.com/136x100.png/5fa2dd/ffffff
304,109,http://dummyimage.com/201x100.png/5fa2dd/ffffff
305,14,http://dummyimage.com/221x100.png/cc0000/ffffff
306,258,http://dummyimage.com/144x100.png/5fa2dd/ffffff
307,7,http://dummyimage.com/140x100.png/dddddd/000000
308,195,http://dummyimage.com/106x100.png/dddddd/000000
309,225,http://dummyimage.com/160x100.png/cc0000/ffffff
310,131,http://dummyimage.com/233x100.png/ff4444/ffffff
311,269,http://dummyimage.com/199x100.png/cc0000/ffffff
312,399,http://dummyimage.com/148x100.png/cc0000/ffffff
313,248,http://dummyimage.com/215x100.png/ff4444/ffffff
314,325,http://dummyimage.com/156x100.png/5fa2dd/ffffff
315,387,http://dummyimage.com/126x100.png/cc0000/ffffff
316,152,http://dummyimage.com/151x100.png/5fa2dd/ffffff
317,258,http://dummyimage.com/105x100.png/ff4444/ffffff
318,207,http://dummyimage.com/138x100.png/dddddd/000000
319,146,http://dummyimage.com/159x100.png/5fa2dd/ffffff
320,138,http://dummyimage.com/138x100.png/ff4444/ffffff
321,353,http://dummyimage.com/233x100.png/ff4444/ffffff
322,203,http://dummyimage.com/182x100.png/dddddd/000000
323,344,http://dummyimage.com/140x100.png/dddddd/000000
324,52,http://dummyimage.com/141x100.png/cc0000/ffffff
325,259,http://dummyimage.com/139x100.png/dddddd/000000
326,142,http://dummyimage.com/161x100.png/dddddd/000000
327,393,http://dummyimage.com/145x100.png/5fa2dd/ffffff
328,290,http://dummyimage.com/195x100.png/ff4444/ffffff
329,22,http://dummyimage.com/241x100.png/cc0000/ffffff
330,128,http://dummyimage.com/126x100.png/ff4444/ffffff
331,91,http://dummyimage.com/219x100.png/cc0000/ffffff
332,384,http://dummyimage.com/245x100.png/5fa2dd/ffffff
333,45,http://dummyimage.com/237x100.png/dddddd/000000
334,27,http://dummyimage.com/177x100.png/5fa2dd/ffffff
335,154,http://dummyimage.com/149x100.png/5fa2dd/ffffff
336,194,http://dummyimage.com/221x100.png/cc0000/ffffff
337,161,http://dummyimage.com/232x100.png/5fa2dd/ffffff
338,345,http://dummyimage.com/118x100.png/ff4444/ffffff
339,124,http://dummyimage.com/226x100.png/dddddd/000000
340,358,http://dummyimage.com/135x100.png/5fa2dd/ffffff
341,332,http://dummyimage.com/128x100.png/dddddd/000000
342,244,http://dummyimage.com/149x100.png/5fa2dd/ffffff
343,250,http://dummyimage.com/202x100.png/5fa2dd/ffffff
344,358,http://dummyimage.com/157x100.png/5fa2dd/ffffff
345,188,http://dummyimage.com/145x100.png/cc0000/ffffff
346,367,http://dummyimage.com/213x100.png/ff4444/ffffff
347,34,http://dummyimage.com/160x100.png/dddddd/000000
348,398,http://dummyimage.com/216x100.png/cc0000/ffffff
349,96,http://dummyimage.com/140x100.png/5fa2dd/ffffff
350,378,http://dummyimage.com/115x100.png/cc0000/ffffff
351,240,http://dummyimage.com/173x100.png/5fa2dd/ffffff
352,36,http://dummyimage.com/234x100.png/5fa2dd/ffffff
353,70,http://dummyimage.com/193x100.png/5fa2dd/ffffff
354,69,http://dummyimage.com/182x100.png/ff4444/ffffff
355,153,http://dummyimage.com/111x100.png/dddddd/000000
356,340,http://dummyimage.com/235x100.png/cc0000/ffffff
357,126,http://dummyimage.com/169x100.png/dddddd/000000
358,29,http://dummyimage.com/104x100.png/5fa2dd/ffffff
359,307,http://dummyimage.com/126x100.png/ff4444/ffffff
360,21,http://dummyimage.com/231x100.png/ff4444/ffffff
361,237,http://dummyimage.com/152x100.png/cc0000/ffffff
362,388,http://dummyimage.com/161x100.png/5fa2dd/ffffff
363,333,http://dummyimage.com/143x100.png/cc0000/ffffff
364,5,http://dummyimage.com/200x100.png/5fa2dd/ffffff
365,294,http://dummyimage.com/180x100.png/5fa2dd/ffffff
366,331,http://dummyimage.com/195x100.png/5fa2dd/ffffff
367,70,http://dummyimage.com/132x100.png/dddddd/000000
368,148,http://dummyimage.com/129x100.png/dddddd/000000
369,132,http://dummyimage.com/194x100.png/5fa2dd/ffffff
370,248,http://dummyimage.com/122x100.png/dddddd/000000
371,13,http://dummyimage.com/121x100.png/ff4444/ffffff
372,107,http://dummyimage.com/218x100.png/5fa2dd/ffffff
373,210,http://dummyimage.com/211x100.png/dddddd/000000
374,75,http://dummyimage.com/127x100.png/5fa2dd/ffffff
375,114,http://dummyimage.com/184x100.png/cc0000/ffffff
376,44,http://dummyimage.com/168x100.png/cc0000/ffffff
377,32,http://dummyimage.com/207x100.png/cc0000/ffffff
378,140,http://dummyimage.com/221x100.png/ff4444/ffffff
379,159,http://dummyimage.com/240x100.png/cc0000/ffffff
380,259,http://dummyimage.com/117x100.png/dddddd/000000
381,12,http://dummyimage.com/137x100.png/ff4444/ffffff
382,109,http://dummyimage.com/124x100.png/dddddd/000000
383,350,http://dummyimage.com/193x100.png/5fa2dd/ffffff
384,119,http://dummyimage.com/221x100.png/ff4444/ffffff
385,331,http://dummyimage.com/215x100.png/cc0000/ffffff
386,311,http://dummyimage.com/106x100.png/cc0000/ffffff
387,15,http://dummyimage.com/247x100.png/ff4444/ffffff
388,137,http://dummyimage.com/210x100.png/5fa2dd/ffffff
389,49,http://dummyimage.com/238x100.png/dddddd/000000
390,303,http://dummyimage.com/194x100.png/cc0000/ffffff
391,89,http://dummyimage.com/156x100.png/5fa2dd/ffffff
392,40,http://dummyimage.com/141x100.png/cc0000/ffffff
393,383,http://dummyimage.com/240x100.png/ff4444/ffffff
394,255,http://dummyimage.com/244x100.png/ff4444/ffffff
395,24,http://dummyimage.com/164x100.png/5fa2dd/ffffff
396,168,http://dummyimage.com/131x100.png/ff4444/ffffff
397,287,http://dummyimage.com/123x100.png/cc0000/ffffff
398,114,http://dummyimage.com/206x100.png/dddddd/000000
399,261,http://dummyimage.com/222x100.png/dddddd/000000
400,347,http://dummyimage.com/242x100.png/5fa2dd/ffffff
401,231,http://dummyimage.com/120x100.png/ff4444/ffffff
402,46,http://dummyimage.com/150x100.png/cc0000/ffffff
403,73,http://dummyimage.com/215x100.png/dddddd/000000
404,237,http://dummyimage.com/246x100.png/dddddd/000000
405,206,http://dummyimage.com/185x100.png/ff4444/ffffff
406,105,http://dummyimage.com/213x100.png/dddddd/000000
407,95,http://dummyimage.com/235x100.png/dddddd/000000
408,249,http://dummyimage.com/226x100.png/cc0000/ffffff
409,67,http://dummyimage.com/155x100.png/ff4444/ffffff
410,52,http://dummyimage.com/165x100.png/5fa2dd/ffffff
411,6,http://dummyimage.com/109x100.png/dddddd/000000
412,61,http://dummyimage.com/213x100.png/dddddd/000000
413,44,http://dummyimage.com/148x100.png/cc0000/ffffff
414,131,http://dummyimage.com/202x100.png/5fa2dd/ffffff
415,388,http://dummyimage.com/220x100.png/cc0000/ffffff
416,26,http://dummyimage.com/222x100.png/cc0000/ffffff
417,218,http://dummyimage.com/174x100.png/ff4444/ffffff
418,56,http://dummyimage.com/185x100.png/cc0000/ffffff
419,386,http://dummyimage.com/249x100.png/cc0000/ffffff
420,125,http://dummyimage.com/140x100.png/5fa2dd/ffffff
421,229,http://dummyimage.com/220x100.png/5fa2dd/ffffff
422,213,http://dummyimage.com/221x100.png/cc0000/ffffff
423,223,http://dummyimage.com/191x100.png/cc0000/ffffff
424,137,http://dummyimage.com/183x100.png/dddddd/000000
425,244,http://dummyimage.com/115x100.png/cc0000/ffffff
426,235,http://dummyimage.com/216x100.png/dddddd/000000
427,317,http://dummyimage.com/193x100.png/cc0000/ffffff
428,230,http://dummyimage.com/214x100.png/dddddd/000000
429,251,http://dummyimage.com/203x100.png/cc0000/ffffff
430,361,http://dummyimage.com/210x100.png/ff4444/ffffff
431,128,http://dummyimage.com/185x100.png/ff4444/ffffff
432,180,http://dummyimage.com/133x100.png/cc0000/ffffff
433,292,http://dummyimage.com/174x100.png/dddddd/000000
434,225,http://dummyimage.com/227x100.png/5fa2dd/ffffff
435,6,http://dummyimage.com/111x100.png/cc0000/ffffff
436,75,http://dummyimage.com/210x100.png/5fa2dd/ffffff
437,383,http://dummyimage.com/113x100.png/cc0000/ffffff
438,201,http://dummyimage.com/239x100.png/ff4444/ffffff
439,280,http://dummyimage.com/250x100.png/5fa2dd/ffffff
440,128,http://dummyimage.com/208x100.png/dddddd/000000
441,199,http://dummyimage.com/203x100.png/cc0000/ffffff
442,123,http://dummyimage.com/184x100.png/ff4444/ffffff
443,137,http://dummyimage.com/103x100.png/ff4444/ffffff
444,29,http://dummyimage.com/195x100.png/5fa2dd/ffffff
445,13,http://dummyimage.com/226x100.png/5fa2dd/ffffff
446,203,http://dummyimage.com/187x100.png/cc0000/ffffff
447,94,http://dummyimage.com/139x100.png/5fa2dd/ffffff
448,369,http://dummyimage.com/160x100.png/cc0000/ffffff
449,294,http://dummyimage.com/116x100.png/dddddd/000000
450,224,http://dummyimage.com/228x100.png/5fa2dd/ffffff
451,175,http://dummyimage.com/159x100.png/5fa2dd/ffffff
452,376,http://dummyimage.com/197x100.png/cc0000/ffffff
453,174,http://dummyimage.com/150x100.png/dddddd/000000
454,44,http://dummyimage.com/239x100.png/cc0000/ffffff
455,112,http://dummyimage.com/144x100.png/5fa2dd/ffffff
456,375,http://dummyimage.com/127x100.png/dddddd/000000
457,156,http://dummyimage.com/227x100.png/dddddd/000000
458,94,http://dummyimage.com/203x100.png/dddddd/000000
459,215,http://dummyimage.com/239x100.png/ff4444/ffffff
460,299,http://dummyimage.com/186x100.png/cc0000/ffffff
461,144,http://dummyimage.com/154x100.png/cc0000/ffffff
462,338,http://dummyimage.com/214x100.png/cc0000/ffffff
463,17,http://dummyimage.com/101x100.png/cc0000/ffffff
464,352,http://dummyimage.com/216x100.png/5fa2dd/ffffff
465,12,http://dummyimage.com/230x100.png/5fa2dd/ffffff
466,97,http://dummyimage.com/220x100.png/ff4444/ffffff
467,324,http://dummyimage.com/149x100.png/dddddd/000000
468,39,http://dummyimage.com/131x100.png/5fa2dd/ffffff
469,362,http://dummyimage.com/207x100.png/5fa2dd/ffffff
470,167,http://dummyimage.com/224x100.png/ff4444/ffffff
471,88,http://dummyimage.com/140x100.png/cc0000/ffffff
472,82,http://dummyimage.com/219x100.png/ff4444/ffffff
473,336,http://dummyimage.com/168x100.png/ff4444/ffffff
474,230,http://dummyimage.com/129x100.png/cc0000/ffffff
475,357,http://dummyimage.com/161x100.png/5fa2dd/ffffff
476,96,http://dummyimage.com/245x100.png/cc0000/ffffff
477,3,http://dummyimage.com/100x100.png/dddddd/000000
478,115,http://dummyimage.com/224x100.png/dddddd/000000
479,382,http://dummyimage.com/124x100.png/cc0000/ffffff
480,77,http://dummyimage.com/135x100.png/dddddd/000000
481,167,http://dummyimage.com/179x100.png/cc0000/ffffff
482,229,http://dummyimage.com/104x100.png/dddddd/000000
483,316,http://dummyimage.com/173x100.png/cc0000/ffffff
484,338,http://dummyimage.com/196x100.png/ff4444/ffffff
485,335,http://dummyimage.com/153x100.png/dddddd/000000
486,258,http://dummyimage.com/194x100.png/dddddd/000000
487,23,http://dummyimage.com/134x100.png/5fa2dd/ffffff
488,105,http://dummyimage.com/132x100.png/dddddd/000000
489,41,http://dummyimage.com/161x100.png/ff4444/ffffff
490,291,http://dummyimage.com/165x100.png/dddddd/000000
491,303,http://dummyimage.com/175x100.png/ff4444/ffffff
492,101,http://dummyimage.com/240x100.png/cc0000/ffffff
493,106,http://dummyimage.com/237x100.png/ff4444/ffffff
494,309,http://dummyimage.com/136x100.png/5fa2dd/ffffff
495,321,http://dummyimage.com/193x100.png/dddddd/000000
496,198,http://dummyimage.com/234x100.png/ff4444/ffffff
497,203,http://dummyimage.com/218x100.png/dddddd/000000
498,336,http://dummyimage.com/138x100.png/ff4444/ffffff
499,223,http://dummyimage.com/223x100.png/dddddd/000000
500,399,http://dummyimage.com/111x100.png/cc0000/ffffff
501,199,http://dummyimage.com/122x100.png/5fa2dd/ffffff
502,52,http://dummyimage.com/124x100.png/ff4444/ffffff
503,303,http://dummyimage.com/170x100.png/ff4444/ffffff
504,145,http://dummyimage.com/195x100.png/cc0000/ffffff
505,288,http://dummyimage.com/138x100.png/dddddd/000000
506,196,http://dummyimage.com/184x100.png/ff4444/ffffff
507,201,http://dummyimage.com/200x100.png/cc0000/ffffff
508,54,http://dummyimage.com/206x100.png/5fa2dd/ffffff
509,293,http://dummyimage.com/137x100.png/dddddd/000000
510,207,http://dummyimage.com/228x100.png/cc0000/ffffff
511,279,http://dummyimage.com/148x100.png/5fa2dd/ffffff
512,12,http://dummyimage.com/162x100.png/cc0000/ffffff
513,242,http://dummyimage.com/145x100.png/ff4444/ffffff
514,337,http://dummyimage.com/142x100.png/5fa2dd/ffffff
515,45,http://dummyimage.com/123x100.png/ff4444/ffffff
516,235,http://dummyimage.com/234x100.png/ff4444/ffffff
517,22,http://dummyimage.com/223x100.png/dddddd/000000
518,229,http://dummyimage.com/171x100.png/ff4444/ffffff
519,202,http://dummyimage.com/182x100.png/dddddd/000000
520,93,http://dummyimage.com/121x100.png/cc0000/ffffff
521,180,http://dummyimage.com/187x100.png/5fa2dd/ffffff
522,240,http://dummyimage.com/111x100.png/cc0000/ffffff
523,249,http://dummyimage.com/190x100.png/cc0000/ffffff
524,261,http://dummyimage.com/123x100.png/ff4444/ffffff
525,190,http://dummyimage.com/222x100.png/ff4444/ffffff
526,112,http://dummyimage.com/226x100.png/dddddd/000000
527,237,http://dummyimage.com/132x100.png/5fa2dd/ffffff
528,354,http://dummyimage.com/101x100.png/cc0000/ffffff
529,76,http://dummyimage.com/214x100.png/dddddd/000000
530,306,http://dummyimage.com/235x100.png/cc0000/ffffff
531,65,http://dummyimage.com/235x100.png/dddddd/000000
532,101,http://dummyimage.com/174x100.png/ff4444/ffffff
533,208,http://dummyimage.com/180x100.png/cc0000/ffffff
534,301,http://dummyimage.com/197x100.png/5fa2dd/ffffff
535,233,http://dummyimage.com/170x100.png/cc0000/ffffff
536,285,http://dummyimage.com/165x100.png/cc0000/ffffff
537,348,http://dummyimage.com/132x100.png/ff4444/ffffff
538,64,http://dummyimage.com/202x100.png/dddddd/000000
539,131,http://dummyimage.com/147x100.png/ff4444/ffffff
540,4,http://dummyimage.com/120x100.png/dddddd/000000
541,69,http://dummyimage.com/171x100.png/ff4444/ffffff
542,371,http://dummyimage.com/105x100.png/dddddd/000000
543,183,http://dummyimage.com/189x100.png/ff4444/ffffff
544,9,http://dummyimage.com/121x100.png/5fa2dd/ffffff
545,203,http://dummyimage.com/152x100.png/dddddd/000000
546,330,http://dummyimage.com/180x100.png/cc0000/ffffff
547,186,http://dummyimage.com/110x100.png/dddddd/000000
548,152,http://dummyimage.com/244x100.png/dddddd/000000
549,115,http://dummyimage.com/175x100.png/cc0000/ffffff
550,186,http://dummyimage.com/156x100.png/dddddd/000000
551,104,http://dummyimage.com/227x100.png/dddddd/000000
552,20,http://dummyimage.com/202x100.png/5fa2dd/ffffff
553,225,http://dummyimage.com/194x100.png/ff4444/ffffff
554,231,http://dummyimage.com/187x100.png/ff4444/ffffff
555,93,http://dummyimage.com/145x100.png/cc0000/ffffff
556,185,http://dummyimage.com/177x100.png/ff4444/ffffff
557,81,http://dummyimage.com/133x100.png/cc0000/ffffff
558,81,http://dummyimage.com/115x100.png/5fa2dd/ffffff
559,108,http://dummyimage.com/147x100.png/cc0000/ffffff
560,84,http://dummyimage.com/150x100.png/cc0000/ffffff
561,272,http://dummyimage.com/243x100.png/dddddd/000000
562,275,http://dummyimage.com/122x100.png/ff4444/ffffff
563,246,http://dummyimage.com/204x100.png/cc0000/ffffff
564,367,http://dummyimage.com/126x100.png/ff4444/ffffff
565,156,http://dummyimage.com/190x100.png/cc0000/ffffff
566,252,http://dummyimage.com/110x100.png/cc0000/ffffff
567,313,http://dummyimage.com/185x100.png/cc0000/ffffff
568,102,http://dummyimage.com/119x100.png/ff4444/ffffff
569,132,http://dummyimage.com/139x100.png/cc0000/ffffff
570,327,http://dummyimage.com/250x100.png/ff4444/ffffff
571,79,http://dummyimage.com/184x100.png/dddddd/000000
572,365,http://dummyimage.com/230x100.png/ff4444/ffffff
573,243,http://dummyimage.com/239x100.png/cc0000/ffffff
574,165,http://dummyimage.com/104x100.png/cc0000/ffffff
575,245,http://dummyimage.com/210x100.png/cc0000/ffffff
576,151,http://dummyimage.com/131x100.png/5fa2dd/ffffff
577,205,http://dummyimage.com/191x100.png/dddddd/000000
578,118,http://dummyimage.com/232x100.png/ff4444/ffffff
579,163,http://dummyimage.com/161x100.png/dddddd/000000
580,126,http://dummyimage.com/183x100.png/cc0000/ffffff
581,334,http://dummyimage.com/186x100.png/cc0000/ffffff
582,43,http://dummyimage.com/176x100.png/ff4444/ffffff
583,154,http://dummyimage.com/176x100.png/cc0000/ffffff
584,62,http://dummyimage.com/189x100.png/5fa2dd/ffffff
585,41,http://dummyimage.com/183x100.png/5fa2dd/ffffff
586,363,http://dummyimage.com/179x100.png/cc0000/ffffff
587,12,http://dummyimage.com/161x100.png/dddddd/000000
588,196,http://dummyimage.com/189x100.png/dddddd/000000
589,170,http://dummyimage.com/229x100.png/cc0000/ffffff
590,389,http://dummyimage.com/170x100.png/cc0000/ffffff
591,96,http://dummyimage.com/170x100.png/cc0000/ffffff
592,179,http://dummyimage.com/133x100.png/5fa2dd/ffffff
593,114,http://dummyimage.com/234x100.png/dddddd/000000
594,190,http://dummyimage.com/150x100.png/dddddd/000000
595,258,http://dummyimage.com/138x100.png/dddddd/000000
596,176,http://dummyimage.com/147x100.png/5fa2dd/ffffff
597,72,http://dummyimage.com/206x100.png/cc0000/ffffff
598,381,http://dummyimage.com/102x100.png/cc0000/ffffff
599,174,http://dummyimage.com/250x100.png/ff4444/ffffff
600,60,http://dummyimage.com/162x100.png/cc0000/ffffff
601,102,http://dummyimage.com/238x100.png/ff4444/ffffff
602,254,http://dummyimage.com/213x100.png/cc0000/ffffff
603,52,http://dummyimage.com/159x100.png/ff4444/ffffff
604,259,http://dummyimage.com/152x100.png/ff4444/ffffff
605,398,http://dummyimage.com/238x100.png/5fa2dd/ffffff
606,301,http://dummyimage.com/119x100.png/5fa2dd/ffffff
607,240,http://dummyimage.com/178x100.png/ff4444/ffffff
608,49,http://dummyimage.com/232x100.png/ff4444/ffffff
609,321,http://dummyimage.com/110x100.png/cc0000/ffffff
610,388,http://dummyimage.com/169x100.png/dddddd/000000
611,74,http://dummyimage.com/234x100.png/dddddd/000000
612,105,http://dummyimage.com/115x100.png/cc0000/ffffff
613,384,http://dummyimage.com/212x100.png/5fa2dd/ffffff
614,189,http://dummyimage.com/131x100.png/dddddd/000000
615,180,http://dummyimage.com/167x100.png/cc0000/ffffff
616,355,http://dummyimage.com/162x100.png/ff4444/ffffff
617,55,http://dummyimage.com/220x100.png/5fa2dd/ffffff
618,80,http://dummyimage.com/224x100.png/ff4444/ffffff
619,152,http://dummyimage.com/141x100.png/ff4444/ffffff
620,185,http://dummyimage.com/238x100.png/dddddd/000000
621,394,http://dummyimage.com/194x100.png/cc0000/ffffff
622,299,http://dummyimage.com/115x100.png/ff4444/ffffff
623,177,http://dummyimage.com/222x100.png/cc0000/ffffff
624,303,http://dummyimage.com/233x100.png/ff4444/ffffff
625,150,http://dummyimage.com/150x100.png/dddddd/000000
626,285,http://dummyimage.com/119x100.png/5fa2dd/ffffff
627,372,http://dummyimage.com/119x100.png/dddddd/000000
628,161,http://dummyimage.com/158x100.png/5fa2dd/ffffff
629,161,http://dummyimage.com/219x100.png/5fa2dd/ffffff
630,267,http://dummyimage.com/119x100.png/5fa2dd/ffffff
631,335,http://dummyimage.com/199x100.png/5fa2dd/ffffff
632,179,http://dummyimage.com/247x100.png/cc0000/ffffff
633,241,http://dummyimage.com/194x100.png/ff4444/ffffff
634,151,http://dummyimage.com/123x100.png/ff4444/ffffff
635,207,http://dummyimage.com/119x100.png/5fa2dd/ffffff
636,299,http://dummyimage.com/223x100.png/cc0000/ffffff
637,92,http://dummyimage.com/145x100.png/cc0000/ffffff
638,176,http://dummyimage.com/207x100.png/5fa2dd/ffffff
639,53,http://dummyimage.com/208x100.png/dddddd/000000
640,7,http://dummyimage.com/225x100.png/cc0000/ffffff
641,217,http://dummyimage.com/116x100.png/dddddd/000000
642,227,http://dummyimage.com/175x100.png/dddddd/000000
643,46,http://dummyimage.com/155x100.png/dddddd/000000
644,234,http://dummyimage.com/125x100.png/ff4444/ffffff
645,316,http://dummyimage.com/189x100.png/dddddd/000000
646,354,http://dummyimage.com/167x100.png/cc0000/ffffff
647,286,http://dummyimage.com/156x100.png/5fa2dd/ffffff
648,387,http://dummyimage.com/191x100.png/ff4444/ffffff
649,307,http://dummyimage.com/215x100.png/ff4444/ffffff
650,135,http://dummyimage.com/221x100.png/cc0000/ffffff
651,353,http://dummyimage.com/199x100.png/ff4444/ffffff
652,44,http://dummyimage.com/196x100.png/5fa2dd/ffffff
653,57,http://dummyimage.com/225x100.png/5fa2dd/ffffff
654,65,http://dummyimage.com/234x100.png/5fa2dd/ffffff
655,110,http://dummyimage.com/110x100.png/dddddd/000000
656,132,http://dummyimage.com/157x100.png/cc0000/ffffff
657,341,http://dummyimage.com/121x100.png/ff4444/ffffff
658,159,http://dummyimage.com/197x100.png/dddddd/000000
659,153,http://dummyimage.com/160x100.png/5fa2dd/ffffff
660,155,http://dummyimage.com/111x100.png/5fa2dd/ffffff
661,221,http://dummyimage.com/246x100.png/ff4444/ffffff
662,191,http://dummyimage.com/122x100.png/5fa2dd/ffffff
663,270,http://dummyimage.com/234x100.png/5fa2dd/ffffff
664,106,http://dummyimage.com/162x100.png/cc0000/ffffff
665,28,http://dummyimage.com/211x100.png/5fa2dd/ffffff
666,375,http://dummyimage.com/127x100.png/dddddd/000000
667,205,http://dummyimage.com/186x100.png/ff4444/ffffff
668,213,http://dummyimage.com/168x100.png/cc0000/ffffff
669,97,http://dummyimage.com/114x100.png/ff4444/ffffff
670,121,http://dummyimage.com/172x100.png/cc0000/ffffff
671,392,http://dummyimage.com/141x100.png/dddddd/000000
672,335,http://dummyimage.com/163x100.png/5fa2dd/ffffff
673,120,http://dummyimage.com/167x100.png/5fa2dd/ffffff
674,79,http://dummyimage.com/198x100.png/dddddd/000000
675,158,http://dummyimage.com/168x100.png/dddddd/000000
676,98,http://dummyimage.com/227x100.png/5fa2dd/ffffff
677,104,http://dummyimage.com/170x100.png/ff4444/ffffff
678,304,http://dummyimage.com/125x100.png/dddddd/000000
679,144,http://dummyimage.com/211x100.png/5fa2dd/ffffff
680,76,http://dummyimage.com/146x100.png/dddddd/000000
681,360,http://dummyimage.com/215x100.png/5fa2dd/ffffff
682,54,http://dummyimage.com/241x100.png/ff4444/ffffff
683,220,http://dummyimage.com/197x100.png/5fa2dd/ffffff
684,201,http://dummyimage.com/109x100.png/ff4444/ffffff
685,20,http://dummyimage.com/190x100.png/ff4444/ffffff
686,93,http://dummyimage.com/120x100.png/dddddd/000000
687,386,http://dummyimage.com/144x100.png/dddddd/000000
688,262,http://dummyimage.com/214x100.png/dddddd/000000
689,382,http://dummyimage.com/141x100.png/dddddd/000000
690,255,http://dummyimage.com/197x100.png/dddddd/000000
691,130,http://dummyimage.com/158x100.png/cc0000/ffffff
692,14,http://dummyimage.com/142x100.png/dddddd/000000
693,232,http://dummyimage.com/147x100.png/dddddd/000000
694,136,http://dummyimage.com/133x100.png/ff4444/ffffff
695,302,http://dummyimage.com/203x100.png/5fa2dd/ffffff
696,114,http://dummyimage.com/100x100.png/5fa2dd/ffffff
697,259,http://dummyimage.com/187x100.png/dddddd/000000
698,285,http://dummyimage.com/194x100.png/dddddd/000000
699,206,http://dummyimage.com/202x100.png/ff4444/ffffff
700,47,http://dummyimage.com/223x100.png/ff4444/ffffff
701,254,http://dummyimage.com/218x100.png/cc0000/ffffff
702,51,http://dummyimage.com/231x100.png/5fa2dd/ffffff
703,300,http://dummyimage.com/187x100.png/dddddd/000000
704,4,http://dummyimage.com/218x100.png/cc0000/ffffff
705,21,http://dummyimage.com/155x100.png/dddddd/000000
706,165,http://dummyimage.com/130x100.png/ff4444/ffffff
707,234,http://dummyimage.com/176x100.png/ff4444/ffffff
708,328,http://dummyimage.com/119x100.png/dddddd/000000
709,49,http://dummyimage.com/105x100.png/ff4444/ffffff
710,35,http://dummyimage.com/185x100.png/dddddd/000000
711,26,http://dummyimage.com/172x100.png/ff4444/ffffff
712,321,http://dummyimage.com/111x100.png/dddddd/000000
713,63,http://dummyimage.com/110x100.png/dddddd/000000
714,229,http://dummyimage.com/108x100.png/cc0000/ffffff
715,221,http://dummyimage.com/185x100.png/dddddd/000000
716,396,http://dummyimage.com/176x100.png/dddddd/000000
717,287,http://dummyimage.com/204x100.png/ff4444/ffffff
718,129,http://dummyimage.com/222x100.png/5fa2dd/ffffff
719,19,http://dummyimage.com/145x100.png/5fa2dd/ffffff
720,386,http://dummyimage.com/190x100.png/cc0000/ffffff
721,199,http://dummyimage.com/163x100.png/cc0000/ffffff
722,324,http://dummyimage.com/161x100.png/ff4444/ffffff
723,131,http://dummyimage.com/131x100.png/5fa2dd/ffffff
724,32,http://dummyimage.com/105x100.png/ff4444/ffffff
725,309,http://dummyimage.com/200x100.png/cc0000/ffffff
726,167,http://dummyimage.com/231x100.png/ff4444/ffffff
727,16,http://dummyimage.com/189x100.png/dddddd/000000
728,106,http://dummyimage.com/185x100.png/5fa2dd/ffffff
729,213,http://dummyimage.com/223x100.png/ff4444/ffffff
730,165,http://dummyimage.com/233x100.png/cc0000/ffffff
731,306,http://dummyimage.com/204x100.png/cc0000/ffffff
732,287,http://dummyimage.com/119x100.png/ff4444/ffffff
733,64,http://dummyimage.com/149x100.png/ff4444/ffffff
734,332,http://dummyimage.com/226x100.png/5fa2dd/ffffff
735,255,http://dummyimage.com/114x100.png/ff4444/ffffff
736,319,http://dummyimage.com/198x100.png/5fa2dd/ffffff
737,335,http://dummyimage.com/115x100.png/cc0000/ffffff
738,309,http://dummyimage.com/236x100.png/5fa2dd/ffffff
739,284,http://dummyimage.com/190x100.png/5fa2dd/ffffff
740,91,http://dummyimage.com/135x100.png/dddddd/000000
741,50,http://dummyimage.com/112x100.png/cc0000/ffffff
742,259,http://dummyimage.com/182x100.png/cc0000/ffffff
743,99,http://dummyimage.com/177x100.png/5fa2dd/ffffff
744,80,http://dummyimage.com/135x100.png/ff4444/ffffff
745,257,http://dummyimage.com/103x100.png/dddddd/000000
746,94,http://dummyimage.com/111x100.png/ff4444/ffffff
747,124,http://dummyimage.com/157x100.png/cc0000/ffffff
748,7,http://dummyimage.com/225x100.png/ff4444/ffffff
749,274,http://dummyimage.com/177x100.png/cc0000/ffffff
750,173,http://dummyimage.com/166x100.png/cc0000/ffffff
751,350,http://dummyimage.com/131x100.png/dddddd/000000
752,33,http://dummyimage.com/141x100.png/ff4444/ffffff
753,250,http://dummyimage.com/241x100.png/cc0000/ffffff
754,268,http://dummyimage.com/177x100.png/5fa2dd/ffffff
755,348,http://dummyimage.com/138x100.png/cc0000/ffffff
756,20,http://dummyimage.com/242x100.png/ff4444/ffffff
757,235,http://dummyimage.com/144x100.png/dddddd/000000
758,181,http://dummyimage.com/137x100.png/5fa2dd/ffffff
759,84,http://dummyimage.com/239x100.png/5fa2dd/ffffff
760,370,http://dummyimage.com/135x100.png/cc0000/ffffff
761,30,http://dummyimage.com/186x100.png/ff4444/ffffff
762,392,http://dummyimage.com/209x100.png/5fa2dd/ffffff
763,161,http://dummyimage.com/196x100.png/dddddd/000000
764,230,http://dummyimage.com/239x100.png/cc0000/ffffff
765,13,http://dummyimage.com/241x100.png/ff4444/ffffff
766,255,http://dummyimage.com/220x100.png/cc0000/ffffff
767,150,http://dummyimage.com/120x100.png/cc0000/ffffff
768,274,http://dummyimage.com/191x100.png/5fa2dd/ffffff
769,375,http://dummyimage.com/214x100.png/dddddd/000000
770,227,http://dummyimage.com/184x100.png/ff4444/ffffff
771,148,http://dummyimage.com/145x100.png/dddddd/000000
772,395,http://dummyimage.com/101x100.png/cc0000/ffffff
773,48,http://dummyimage.com/209x100.png/5fa2dd/ffffff
774,323,http://dummyimage.com/231x100.png/cc0000/ffffff
775,91,http://dummyimage.com/163x100.png/dddddd/000000
776,98,http://dummyimage.com/174x100.png/dddddd/000000
777,63,http://dummyimage.com/249x100.png/dddddd/000000
778,224,http://dummyimage.com/170x100.png/ff4444/ffffff
779,171,http://dummyimage.com/131x100.png/cc0000/ffffff
780,200,http://dummyimage.com/179x100.png/cc0000/ffffff
781,68,http://dummyimage.com/109x100.png/cc0000/ffffff
782,336,http://dummyimage.com/189x100.png/cc0000/ffffff
783,181,http://dummyimage.com/126x100.png/dddddd/000000
784,291,http://dummyimage.com/235x100.png/dddddd/000000
785,23,http://dummyimage.com/143x100.png/dddddd/000000
786,92,http://dummyimage.com/206x100.png/cc0000/ffffff
787,161,http://dummyimage.com/240x100.png/cc0000/ffffff
788,176,http://dummyimage.com/181x100.png/ff4444/ffffff
789,60,http://dummyimage.com/223x100.png/cc0000/ffffff
790,321,http://dummyimage.com/129x100.png/ff4444/ffffff
791,356,http://dummyimage.com/205x100.png/ff4444/ffffff
792,3,http://dummyimage.com/122x100.png/5fa2dd/ffffff
793,64,http://dummyimage.com/238x100.png/5fa2dd/ffffff
794,120,http://dummyimage.com/242x100.png/ff4444/ffffff
795,6,http://dummyimage.com/146x100.png/5fa2dd/ffffff
796,152,http://dummyimage.com/177x100.png/5fa2dd/ffffff
797,167,http://dummyimage.com/134x100.png/ff4444/ffffff
798,354,http://dummyimage.com/174x100.png/dddddd/000000
799,38,http://dummyimage.com/249x100.png/dddddd/000000
800,118,http://dummyimage.com/147x100.png/cc0000/ffffff
801,321,http://dummyimage.com/209x100.png/dddddd/000000
802,120,http://dummyimage.com/123x100.png/ff4444/ffffff
803,73,http://dummyimage.com/237x100.png/ff4444/ffffff
804,347,http://dummyimage.com/110x100.png/cc0000/ffffff
805,34,http://dummyimage.com/234x100.png/dddddd/000000
806,76,http://dummyimage.com/163x100.png/5fa2dd/ffffff
807,254,http://dummyimage.com/246x100.png/5fa2dd/ffffff
808,297,http://dummyimage.com/140x100.png/cc0000/ffffff
809,333,http://dummyimage.com/240x100.png/dddddd/000000
810,136,http://dummyimage.com/196x100.png/ff4444/ffffff
811,3,http://dummyimage.com/130x100.png/5fa2dd/ffffff
812,128,http://dummyimage.com/221x100.png/cc0000/ffffff
813,181,http://dummyimage.com/185x100.png/5fa2dd/ffffff
814,374,http://dummyimage.com/118x100.png/5fa2dd/ffffff
815,324,http://dummyimage.com/100x100.png/5fa2dd/ffffff
816,23,http://dummyimage.com/237x100.png/cc0000/ffffff
817,218,http://dummyimage.com/204x100.png/5fa2dd/ffffff
818,399,http://dummyimage.com/209x100.png/ff4444/ffffff
819,79,http://dummyimage.com/114x100.png/5fa2dd/ffffff
820,210,http://dummyimage.com/126x100.png/cc0000/ffffff
821,248,http://dummyimage.com/230x100.png/5fa2dd/ffffff
822,359,http://dummyimage.com/190x100.png/5fa2dd/ffffff
823,260,http://dummyimage.com/122x100.png/dddddd/000000
824,353,http://dummyimage.com/228x100.png/cc0000/ffffff
825,304,http://dummyimage.com/154x100.png/ff4444/ffffff
826,335,http://dummyimage.com/187x100.png/cc0000/ffffff
827,84,http://dummyimage.com/116x100.png/cc0000/ffffff
828,264,http://dummyimage.com/194x100.png/cc0000/ffffff
829,173,http://dummyimage.com/226x100.png/5fa2dd/ffffff
830,164,http://dummyimage.com/102x100.png/5fa2dd/ffffff
831,5,http://dummyimage.com/174x100.png/5fa2dd/ffffff
832,117,http://dummyimage.com/122x100.png/dddddd/000000
833,72,http://dummyimage.com/148x100.png/5fa2dd/ffffff
834,374,http://dummyimage.com/143x100.png/dddddd/000000
835,187,http://dummyimage.com/170x100.png/cc0000/ffffff
836,205,http://dummyimage.com/156x100.png/cc0000/ffffff
837,127,http://dummyimage.com/218x100.png/5fa2dd/ffffff
838,49,http://dummyimage.com/241x100.png/cc0000/ffffff
839,393,http://dummyimage.com/167x100.png/5fa2dd/ffffff
840,102,http://dummyimage.com/102x100.png/5fa2dd/ffffff
841,103,http://dummyimage.com/244x100.png/ff4444/ffffff
842,115,http://dummyimage.com/171x100.png/dddddd/000000
843,162,http://dummyimage.com/124x100.png/ff4444/ffffff
844,31,http://dummyimage.com/110x100.png/dddddd/000000
845,221,http://dummyimage.com/177x100.png/5fa2dd/ffffff
846,313,http://dummyimage.com/207x100.png/5fa2dd/ffffff
847,113,http://dummyimage.com/162x100.png/ff4444/ffffff
848,343,http://dummyimage.com/181x100.png/ff4444/ffffff
849,155,http://dummyimage.com/171x100.png/dddddd/000000
850,191,http://dummyimage.com/239x100.png/dddddd/000000
851,250,http://dummyimage.com/151x100.png/cc0000/ffffff
852,330,http://dummyimage.com/156x100.png/ff4444/ffffff
853,157,http://dummyimage.com/126x100.png/5fa2dd/ffffff
854,199,http://dummyimage.com/126x100.png/cc0000/ffffff
855,99,http://dummyimage.com/133x100.png/cc0000/ffffff
856,170,http://dummyimage.com/184x100.png/5fa2dd/ffffff
857,22,http://dummyimage.com/153x100.png/5fa2dd/ffffff
858,209,http://dummyimage.com/109x100.png/cc0000/ffffff
859,264,http://dummyimage.com/206x100.png/5fa2dd/ffffff
860,143,http://dummyimage.com/214x100.png/ff4444/ffffff
861,299,http://dummyimage.com/204x100.png/5fa2dd/ffffff
862,321,http://dummyimage.com/119x100.png/cc0000/ffffff
863,165,http://dummyimage.com/237x100.png/ff4444/ffffff
864,49,http://dummyimage.com/177x100.png/5fa2dd/ffffff
865,349,http://dummyimage.com/146x100.png/cc0000/ffffff
866,52,http://dummyimage.com/191x100.png/cc0000/ffffff
867,195,http://dummyimage.com/108x100.png/ff4444/ffffff
868,91,http://dummyimage.com/227x100.png/5fa2dd/ffffff
869,205,http://dummyimage.com/119x100.png/cc0000/ffffff
870,159,http://dummyimage.com/240x100.png/cc0000/ffffff
871,318,http://dummyimage.com/137x100.png/cc0000/ffffff
872,381,http://dummyimage.com/181x100.png/5fa2dd/ffffff
873,366,http://dummyimage.com/166x100.png/5fa2dd/ffffff
874,303,http://dummyimage.com/228x100.png/ff4444/ffffff
875,381,http://dummyimage.com/139x100.png/dddddd/000000
876,364,http://dummyimage.com/105x100.png/5fa2dd/ffffff
877,24,http://dummyimage.com/221x100.png/5fa2dd/ffffff
878,251,http://dummyimage.com/250x100.png/5fa2dd/ffffff
879,145,http://dummyimage.com/170x100.png/dddddd/000000
880,134,http://dummyimage.com/192x100.png/dddddd/000000
881,299,http://dummyimage.com/239x100.png/cc0000/ffffff
882,361,http://dummyimage.com/245x100.png/dddddd/000000
883,34,http://dummyimage.com/243x100.png/ff4444/ffffff
884,275,http://dummyimage.com/147x100.png/dddddd/000000
885,164,http://dummyimage.com/156x100.png/ff4444/ffffff
886,22,http://dummyimage.com/218x100.png/5fa2dd/ffffff
887,346,http://dummyimage.com/119x100.png/dddddd/000000
888,52,http://dummyimage.com/112x100.png/dddddd/000000
889,208,http://dummyimage.com/229x100.png/cc0000/ffffff
890,38,http://dummyimage.com/187x100.png/ff4444/ffffff
891,364,http://dummyimage.com/179x100.png/dddddd/000000
892,185,http://dummyimage.com/145x100.png/dddddd/000000
893,40,http://dummyimage.com/186x100.png/ff4444/ffffff
894,28,http://dummyimage.com/119x100.png/dddddd/000000
895,277,http://dummyimage.com/173x100.png/dddddd/000000
896,350,http://dummyimage.com/141x100.png/cc0000/ffffff
897,159,http://dummyimage.com/106x100.png/cc0000/ffffff
898,223,http://dummyimage.com/185x100.png/5fa2dd/ffffff
899,271,http://dummyimage.com/211x100.png/dddddd/000000
900,234,http://dummyimage.com/146x100.png/dddddd/000000
901,122,http://dummyimage.com/244x100.png/cc0000/ffffff
902,376,http://dummyimage.com/124x100.png/dddddd/000000
903,4,http://dummyimage.com/162x100.png/cc0000/ffffff
904,272,http://dummyimage.com/124x100.png/ff4444/ffffff
905,47,http://dummyimage.com/116x100.png/5fa2dd/ffffff
906,134,http://dummyimage.com/110x100.png/cc0000/ffffff
907,105,http://dummyimage.com/240x100.png/5fa2dd/ffffff
908,235,http://dummyimage.com/208x100.png/5fa2dd/ffffff
909,369,http://dummyimage.com/144x100.png/cc0000/ffffff
910,380,http://dummyimage.com/213x100.png/dddddd/000000
911,277,http://dummyimage.com/192x100.png/5fa2dd/ffffff
912,244,http://dummyimage.com/213x100.png/5fa2dd/ffffff
913,50,http://dummyimage.com/184x100.png/ff4444/ffffff
914,383,http://dummyimage.com/229x100.png/5fa2dd/ffffff
915,40,http://dummyimage.com/100x100.png/5fa2dd/ffffff
916,334,http://dummyimage.com/231x100.png/ff4444/ffffff
917,391,http://dummyimage.com/144x100.png/dddddd/000000
918,106,http://dummyimage.com/231x100.png/cc0000/ffffff
919,30,http://dummyimage.com/124x100.png/ff4444/ffffff
920,105,http://dummyimage.com/135x100.png/cc0000/ffffff
921,70,http://dummyimage.com/216x100.png/cc0000/ffffff
922,69,http://dummyimage.com/226x100.png/ff4444/ffffff
923,162,http://dummyimage.com/170x100.png/ff4444/ffffff
924,187,http://dummyimage.com/237x100.png/5fa2dd/ffffff
925,309,http://dummyimage.com/235x100.png/dddddd/000000
926,143,http://dummyimage.com/106x100.png/5fa2dd/ffffff
927,73,http://dummyimage.com/191x100.png/5fa2dd/ffffff
928,118,http://dummyimage.com/116x100.png/dddddd/000000
929,368,http://dummyimage.com/133x100.png/cc0000/ffffff
930,39,http://dummyimage.com/235x100.png/dddddd/000000
931,390,http://dummyimage.com/239x100.png/ff4444/ffffff
932,351,http://dummyimage.com/136x100.png/5fa2dd/ffffff
933,177,http://dummyimage.com/247x100.png/ff4444/ffffff
934,338,http://dummyimage.com/189x100.png/ff4444/ffffff
935,351,http://dummyimage.com/216x100.png/5fa2dd/ffffff
936,227,http://dummyimage.com/237x100.png/5fa2dd/ffffff
937,120,http://dummyimage.com/132x100.png/cc0000/ffffff
938,10,http://dummyimage.com/136x100.png/cc0000/ffffff
939,81,http://dummyimage.com/157x100.png/5fa2dd/ffffff
940,343,http://dummyimage.com/187x100.png/ff4444/ffffff
941,62,http://dummyimage.com/117x100.png/ff4444/ffffff
942,97,http://dummyimage.com/174x100.png/ff4444/ffffff
943,175,http://dummyimage.com/142x100.png/ff4444/ffffff
944,338,http://dummyimage.com/228x100.png/ff4444/ffffff
945,321,http://dummyimage.com/190x100.png/dddddd/000000
946,187,http://dummyimage.com/110x100.png/5fa2dd/ffffff
947,157,http://dummyimage.com/234x100.png/ff4444/ffffff
948,360,http://dummyimage.com/160x100.png/5fa2dd/ffffff
949,270,http://dummyimage.com/151x100.png/5fa2dd/ffffff
950,317,http://dummyimage.com/244x100.png/5fa2dd/ffffff
951,380,http://dummyimage.com/161x100.png/ff4444/ffffff
952,296,http://dummyimage.com/179x100.png/dddddd/000000
953,318,http://dummyimage.com/171x100.png/ff4444/ffffff
954,272,http://dummyimage.com/111x100.png/cc0000/ffffff
955,179,http://dummyimage.com/133x100.png/5fa2dd/ffffff
956,71,http://dummyimage.com/236x100.png/dddddd/000000
957,314,http://dummyimage.com/171x100.png/5fa2dd/ffffff
958,30,http://dummyimage.com/164x100.png/dddddd/000000
959,347,http://dummyimage.com/200x100.png/ff4444/ffffff
960,88,http://dummyimage.com/190x100.png/cc0000/ffffff
961,300,http://dummyimage.com/200x100.png/dddddd/000000
962,129,http://dummyimage.com/211x100.png/ff4444/ffffff
963,96,http://dummyimage.com/131x100.png/dddddd/000000
964,247,http://dummyimage.com/181x100.png/ff4444/ffffff
965,284,http://dummyimage.com/229x100.png/cc0000/ffffff
966,305,http://dummyimage.com/250x100.png/5fa2dd/ffffff
967,174,http://dummyimage.com/232x100.png/cc0000/ffffff
968,155,http://dummyimage.com/243x100.png/dddddd/000000
969,179,http://dummyimage.com/233x100.png/5fa2dd/ffffff
970,10,http://dummyimage.com/140x100.png/dddddd/000000
971,391,http://dummyimage.com/216x100.png/cc0000/ffffff
972,36,http://dummyimage.com/128x100.png/cc0000/ffffff
973,86,http://dummyimage.com/113x100.png/dddddd/000000
974,40,http://dummyimage.com/222x100.png/5fa2dd/ffffff
975,12,http://dummyimage.com/221x100.png/5fa2dd/ffffff
976,156,http://dummyimage.com/166x100.png/dddddd/000000
977,50,http://dummyimage.com/191x100.png/dddddd/000000
978,248,http://dummyimage.com/176x100.png/ff4444/ffffff
979,253,http://dummyimage.com/165x100.png/cc0000/ffffff
980,103,http://dummyimage.com/180x100.png/cc0000/ffffff
981,211,http://dummyimage.com/222x100.png/ff4444/ffffff
982,153,http://dummyimage.com/230x100.png/ff4444/ffffff
983,369,http://dummyimage.com/168x100.png/cc0000/ffffff
984,35,http://dummyimage.com/153x100.png/5fa2dd/ffffff
985,285,http://dummyimage.com/235x100.png/cc0000/ffffff
986,49,http://dummyimage.com/159x100.png/dddddd/000000
987,317,http://dummyimage.com/175x100.png/5fa2dd/ffffff
988,32,http://dummyimage.com/195x100.png/cc0000/ffffff
989,347,http://dummyimage.com/214x100.png/dddddd/000000
990,153,http://dummyimage.com/119x100.png/dddddd/000000
991,240,http://dummyimage.com/213x100.png/dddddd/000000
992,197,http://dummyimage.com/204x100.png/dddddd/000000
993,152,http://dummyimage.com/133x100.png/dddddd/000000
994,158,http://dummyimage.com/250x100.png/dddddd/000000
995,79,http://dummyimage.com/167x100.png/ff4444/ffffff
996,92,http://dummyimage.com/234x100.png/ff4444/ffffff
997,141,http://dummyimage.com/195x100.png/5fa2dd/ffffff
998,99,http://dummyimage.com/214x100.png/5fa2dd/ffffff
999,155,http://dummyimage.com/194x100.png/dddddd/000000
1000,28,http://dummyimage.com/120x100.png/5fa2dd/ffffff
