photo_id,shop_id,url
1,11,http://dummyimage.com/207x100.png/ff4444/ffffff
2,206,http://dummyimage.com/186x100.png/dddddd/000000
3,221,http://dummyimage.com/102x100.png/ff4444/ffffff
4,295,http://dummyimage.com/225x100.png/ff4444/ffffff
5,372,http://dummyimage.com/119x100.png/dddddd/000000
6,307,http://dummyimage.com/146x100.png/ff4444/ffffff
7,400,http://dummyimage.com/115x100.png/dddddd/000000
8,163,http://dummyimage.com/167x100.png/cc0000/ffffff
9,245,http://dummyimage.com/161x100.png/dddddd/000000
10,124,http://dummyimage.com/155x100.png/dddddd/000000
11,225,http://dummyimage.com/112x100.png/cc0000/ffffff
12,115,http://dummyimage.com/128x100.png/dddddd/000000
13,83,http://dummyimage.com/229x100.png/ff4444/ffffff
14,355,http://dummyimage.com/159x100.png/cc0000/ffffff
15,253,http://dummyimage.com/230x100.png/ff4444/ffffff
16,174,http://dummyimage.com/202x100.png/ff4444/ffffff
17,261,http://dummyimage.com/159x100.png/ff4444/ffffff
18,243,http://dummyimage.com/162x100.png/ff4444/ffffff
19,236,http://dummyimage.com/193x100.png/ff4444/ffffff
20,104,http://dummyimage.com/117x100.png/ff4444/ffffff
21,248,http://dummyimage.com/123x100.png/dddddd/000000
22,224,http://dummyimage.com/199x100.png/ff4444/ffffff
23,257,http://dummyimage.com/163x100.png/ff4444/ffffff
24,241,http://dummyimage.com/210x100.png/dddddd/000000
25,224,http://dummyimage.com/148x100.png/ff4444/ffffff
26,193,http://dummyimage.com/250x100.png/ff4444/ffffff
27,129,http://dummyimage.com/167x100.png/ff4444/ffffff
28,267,http://dummyimage.com/219x100.png/ff4444/ffffff
29,32,http://dummyimage.com/115x100.png/5fa2dd/ffffff
30,118,http://dummyimage.com/161x100.png/cc0000/ffffff
31,317,http://dummyimage.com/240x100.png/dddddd/000000
32,29,http://dummyimage.com/120x100.png/dddddd/000000
33,373,http://dummyimage.com/145x100.png/ff4444/ffffff
34,297,http://dummyimage.com/129x100.png/dddddd/000000
35,253,http://dummyimage.com/231x100.png/cc0000/ffffff
36,287,http://dummyimage.com/122x100.png/dddddd/000000
37,127,http://dummyimage.com/148x100.png/cc0000/ffffff
38,243,http://dummyimage.com/135x100.png/ff4444/ffffff
39,166,http://dummyimage.com/155x100.png/ff4444/ffffff
40,44,http://dummyimage.com/221x100.png/ff4444/ffffff
41,88,http://dummyimage.com/171x100.png/dddddd/000000
42,207,http://dummyimage.com/142x100.png/cc0000/ffffff
43,212,http://dummyimage.com/148x100.png/cc0000/ffffff
44,237,http://dummyimage.com/200x100.png/dddddd/000000
45,96,http://dummyimage.com/185x100.png/dddddd/000000
46,328,http://dummyimage.com/183x100.png/5fa2dd/ffffff
47,284,http://dummyimage.com/189x100.png/dddddd/000000
48,29,http://dummyimage.com/208x100.png/5fa2dd/ffffff
49,219,http://dummyimage.com/138x100.png/ff4444/ffffff
50,131,http://dummyimage.com/244x100.png/cc0000/ffffff
51,140,http://dummyimage.com/160x100.png/cc0000/ffffff
52,315,http://dummyimage.com/227x100.png/cc0000/ffffff
53,143,http://dummyimage.com/177x100.png/5fa2dd/ffffff
54,15,http://dummyimage.com/233x100.png/5fa2dd/ffffff
55,2,http://dummyimage.com/101x100.png/cc0000/ffffff
56,3,http://dummyimage.com/226x100.png/cc0000/ffffff
57,71,http://dummyimage.com/189x100.png/ff4444/ffffff
58,133,http://dummyimage.com/235x100.png/ff4444/ffffff
59,226,http://dummyimage.com/100x100.png/ff4444/ffffff
60,197,http://dummyimage.com/203x100.png/cc0000/ffffff
61,350,http://dummyimage.com/238x100.png/ff4444/ffffff
62,181,http://dummyimage.com/152x100.png/5fa2dd/ffffff
63,46,http://dummyimage.com/170x100.png/cc0000/ffffff
64,70,http://dummyimage.com/152x100.png/cc0000/ffffff
65,354,http://dummyimage.com/139x100.png/cc0000/ffffff
66,267,http://dummyimage.com/184x100.png/ff4444/ffffff
67,384,http://dummyimage.com/231x100.png/5fa2dd/ffffff
68,159,http://dummyimage.com/145x100.png/cc0000/ffffff
69,107,http://dummyimage.com/180x100.png/5fa2dd/ffffff
70,116,http://dummyimage.com/246x100.png/5fa2dd/ffffff
71,250,http://dummyimage.com/227x100.png/cc0000/ffffff
72,249,http://dummyimage.com/236x100.png/dddddd/000000
73,245,http://dummyimage.com/160x100.png/5fa2dd/ffffff
74,123,http://dummyimage.com/179x100.png/cc0000/ffffff
75,82,http://dummyimage.com/120x100.png/5fa2dd/ffffff
76,187,http://dummyimage.com/105x100.png/5fa2dd/ffffff
77,202,http://dummyimage.com/173x100.png/5fa2dd/ffffff
78,384,http://dummyimage.com/104x100.png/ff4444/ffffff
79,2,http://dummyimage.com/235x100.png/ff4444/ffffff
80,191,http://dummyimage.com/176x100.png/cc0000/ffffff
81,282,http://dummyimage.com/249x100.png/5fa2dd/ffffff
82,135,http://dummyimage.com/129x100.png/5fa2dd/ffffff
83,167,http://dummyimage.com/189x100.png/5fa2dd/ffffff
84,87,http://dummyimage.com/167x100.png/cc0000/ffffff
85,180,http://dummyimage.com/160x100.png/ff4444/ffffff
86,235,http://dummyimage.com/250x100.png/dddddd/000000
87,338,http://dummyimage.com/237x100.png/5fa2dd/ffffff
88,83,http://dummyimage.com/236x100.png/cc0000/ffffff
89,292,http://dummyimage.com/175x100.png/5fa2dd/ffffff
90,205,http://dummyimage.com/206x100.png/cc0000/ffffff
91,209,http://dummyimage.com/160x100.png/cc0000/ffffff
92,103,http://dummyimage.com/193x100.png/dddddd/000000
93,244,http://dummyimage.com/139x100.png/cc0000/ffffff
94,129,http://dummyimage.com/214x100.png/cc0000/ffffff
95,384,http://dummyimage.com/184x100.png/5fa2dd/ffffff
96,263,http://dummyimage.com/230x100.png/dddddd/000000
97,399,http://dummyimage.com/108x100.png/5fa2dd/ffffff
98,285,http://dummyimage.com/162x100.png/cc0000/ffffff
99,27,http://dummyimage.com/156x100.png/5fa2dd/ffffff
100,191,http://dummyimage.com/158x100.png/dddddd/000000
101,351,http://dummyimage.com/124x100.png/ff4444/ffffff
102,292,http://dummyimage.com/222x100.png/dddddd/000000
103,189,http://dummyimage.com/112x100.png/5fa2dd/ffffff
104,168,http://dummyimage.com/197x100.png/5fa2dd/ffffff
105,310,http://dummyimage.com/224x100.png/dddddd/000000
106,48,http://dummyimage.com/151x100.png/cc0000/ffffff
107,95,http://dummyimage.com/206x100.png/cc0000/ffffff
108,207,http://dummyimage.com/243x100.png/cc0000/ffffff
109,342,http://dummyimage.com/248x100.png/dddddd/000000
110,20,http://dummyimage.com/206x100.png/5fa2dd/ffffff
111,327,http://dummyimage.com/152x100.png/5fa2dd/ffffff
112,6,http://dummyimage.com/178x100.png/5fa2dd/ffffff
113,3,http://dummyimage.com/128x100.png/5fa2dd/ffffff
114,64,http://dummyimage.com/216x100.png/ff4444/ffffff
115,272,http://dummyimage.com/162x100.png/dddddd/000000
116,384,http://dummyimage.com/203x100.png/dddddd/000000
117,198,http://dummyimage.com/135x100.png/5fa2dd/ffffff
118,69,http://dummyimage.com/218x100.png/5fa2dd/ffffff
119,352,http://dummyimage.com/175x100.png/cc0000/ffffff
120,292,http://dummyimage.com/161x100.png/ff4444/ffffff
121,305,http://dummyimage.com/186x100.png/5fa2dd/ffffff
122,390,http://dummyimage.com/127x100.png/dddddd/000000
123,251,http://dummyimage.com/249x100.png/dddddd/000000
124,78,http://dummyimage.com/181x100.png/cc0000/ffffff
125,206,http://dummyimage.com/181x100.png/ff4444/ffffff
126,390,http://dummyimage.com/168x100.png/ff4444/ffffff
127,187,http://dummyimage.com/142x100.png/5fa2dd/ffffff
128,319,http://dummyimage.com/207x100.png/ff4444/ffffff
129,230,http://dummyimage.com/233x100.png/dddddd/000000
130,256,http://dummyimage.com/172x100.png/ff4444/ffffff
131,271,http://dummyimage.com/173x100.png/ff4444/ffffff
132,14,http://dummyimage.com/235x100.png/cc0000/ffffff
133,299,http://dummyimage.com/178x100.png/5fa2dd/ffffff
134,36,http://dummyimage.com/165x100.png/cc0000/ffffff
135,73,http://dummyimage.com/132x100.png/dddddd/000000
136,236,http://dummyimage.com/153x100.png/cc0000/ffffff
137,178,http://dummyimage.com/179x100.png/cc0000/ffffff
138,307,http://dummyimage.com/206x100.png/dddddd/000000
139,385,http://dummyimage.com/178x100.png/dddddd/000000
140,283,http://dummyimage.com/125x100.png/5fa2dd/ffffff
141,325,http://dummyimage.com/154x100.png/5fa2dd/ffffff
142,341,http://dummyimage.com/198x100.png/dddddd/000000
143,366,http://dummyimage.com/127x100.png/5fa2dd/ffffff
144,132,http://dummyimage.com/109x100.png/ff4444/ffffff
145,317,http://dummyimage.com/240x100.png/ff4444/ffffff
146,389,http://dummyimage.com/147x100.png/cc0000/ffffff
147,317,http://dummyimage.com/240x100.png/cc0000/ffffff
148,348,http://dummyimage.com/185x100.png/dddddd/000000
149,397,http://dummyimage.com/243x100.png/cc0000/ffffff
150,199,http://dummyimage.com/189x100.png/ff4444/ffffff
151,72,http://dummyimage.com/236x100.png/cc0000/ffffff
152,248,http://dummyimage.com/209x100.png/ff4444/ffffff
153,75,http://dummyimage.com/189x100.png/dddddd/000000
154,371,http://dummyimage.com/240x100.png/ff4444/ffffff
155,191,http://dummyimage.com/103x100.png/cc0000/ffffff
156,88,http://dummyimage.com/176x100.png/dddddd/000000
157,317,http://dummyimage.com/211x100.png/dddddd/000000
158,306,http://dummyimage.com/221x100.png/ff4444/ffffff
159,141,http://dummyimage.com/250x100.png/ff4444/ffffff
160,153,http://dummyimage.com/231x100.png/dddddd/000000
161,247,http://dummyimage.com/148x100.png/5fa2dd/ffffff
162,326,http://dummyimage.com/153x100.png/dddddd/000000
163,309,http://dummyimage.com/228x100.png/5fa2dd/ffffff
164,138,http://dummyimage.com/104x100.png/cc0000/ffffff
165,355,http://dummyimage.com/236x100.png/ff4444/ffffff
166,349,http://dummyimage.com/249x100.png/dddddd/000000
167,283,http://dummyimage.com/177x100.png/ff4444/ffffff
168,359,http://dummyimage.com/174x100.png/cc0000/ffffff
169,201,http://dummyimage.com/214x100.png/dddddd/000000
170,13,http://dummyimage.com/232x100.png/5fa2dd/ffffff
171,212,http://dummyimage.com/220x100.png/ff4444/ffffff
172,189,http://dummyimage.com/191x100.png/dddddd/000000
173,295,http://dummyimage.com/130x100.png/ff4444/ffffff
174,102,http://dummyimage.com/133x100.png/cc0000/ffffff
175,104,http://dummyimage.com/239x100.png/ff4444/ffffff
176,302,http://dummyimage.com/247x100.png/ff4444/ffffff
177,37,http://dummyimage.com/131x100.png/cc0000/ffffff
178,189,http://dummyimage.com/133x100.png/5fa2dd/ffffff
179,42,http://dummyimage.com/189x100.png/5fa2dd/ffffff
180,389,http://dummyimage.com/139x100.png/5fa2dd/ffffff
181,60,http://dummyimage.com/151x100.png/dddddd/000000
182,351,http://dummyimage.com/219x100.png/cc0000/ffffff
183,299,http://dummyimage.com/145x100.png/5fa2dd/ffffff
184,287,http://dummyimage.com/184x100.png/dddddd/000000
185,319,http://dummyimage.com/239x100.png/5fa2dd/ffffff
186,21,http://dummyimage.com/235x100.png/dddddd/000000
187,175,http://dummyimage.com/199x100.png/cc0000/ffffff
188,333,http://dummyimage.com/169x100.png/dddddd/000000
189,334,http://dummyimage.com/189x100.png/dddddd/000000
190,107,http://dummyimage.com/134x100.png/cc0000/ffffff
191,316,http://dummyimage.com/225x100.png/ff4444/ffffff
192,134,http://dummyimage.com/143x100.png/ff4444/ffffff
193,340,http://dummyimage.com/237x100.png/dddddd/000000
194,111,http://dummyimage.com/146x100.png/5fa2dd/ffffff
195,104,http://dummyimage.com/141x100.png/5fa2dd/ffffff
196,58,http://dummyimage.com/146x100.png/dddddd/000000
197,159,http://dummyimage.com/106x100.png/5fa2dd/ffffff
198,357,http://dummyimage.com/149x100.png/dddddd/000000
199,357,http://dummyimage.com/157x100.png/dddddd/000000
200,296,http://dummyimage.com/114x100.png/dddddd/000000
201,336,http://dummyimage.com/232x100.png/ff4444/ffffff
202,293,http://dummyimage.com/118x100.png/ff4444/ffffff
203,67,http://dummyimage.com/203x100.png/ff4444/ffffff
204,146,http://dummyimage.com/113x100.png/ff4444/ffffff
205,219,http://dummyimage.com/103x100.png/5fa2dd/ffffff
206,29,http://dummyimage.com/164x100.png/dddddd/000000
207,212,http://dummyimage.com/164x100.png/5fa2dd/ffffff
208,81,http://dummyimage.com/119x100.png/5fa2dd/ffffff
209,147,http://dummyimage.com/128x100.png/ff4444/ffffff
210,336,http://dummyimage.com/133x100.png/ff4444/ffffff
211,102,http://dummyimage.com/232x100.png/5fa2dd/ffffff
212,292,http://dummyimage.com/173x100.png/5fa2dd/ffffff
213,17,http://dummyimage.com/170x100.png/ff4444/ffffff
214,22,http://dummyimage.com/168x100.png/cc0000/ffffff
215,108,http://dummyimage.com/132x100.png/dddddd/000000
216,219,http://dummyimage.com/219x100.png/dddddd/000000
217,176,http://dummyimage.com/149x100.png/ff4444/ffffff
218,333,http://dummyimage.com/146x100.png/dddddd/000000
219,136,http://dummyimage.com/240x100.png/ff4444/ffffff
220,157,http://dummyimage.com/246x100.png/dddddd/000000
221,97,http://dummyimage.com/219x100.png/5fa2dd/ffffff
222,278,http://dummyimage.com/149x100.png/5fa2dd/ffffff
223,326,http://dummyimage.com/140x100.png/ff4444/ffffff
224,281,http://dummyimage.com/110x100.png/5fa2dd/ffffff
225,29,http://dummyimage.com/170x100.png/ff4444/ffffff
226,230,http://dummyimage.com/229x100.png/dddddd/000000
227,81,http://dummyimage.com/111x100.png/dddddd/000000
228,297,http://dummyimage.com/181x100.png/5fa2dd/ffffff
229,326,http://dummyimage.com/228x100.png/dddddd/000000
230,75,http://dummyimage.com/120x100.png/ff4444/ffffff
231,336,http://dummyimage.com/165x100.png/cc0000/ffffff
232,225,http://dummyimage.com/235x100.png/dddddd/000000
233,377,http://dummyimage.com/187x100.png/dddddd/000000
234,75,http://dummyimage.com/209x100.png/ff4444/ffffff
235,72,http://dummyimage.com/176x100.png/cc0000/ffffff
236,236,http://dummyimage.com/159x100.png/cc0000/ffffff
237,286,http://dummyimage.com/124x100.png/cc0000/ffffff
238,299,http://dummyimage.com/135x100.png/5fa2dd/ffffff
239,75,http://dummyimage.com/213x100.png/dddddd/000000
240,103,http://dummyimage.com/111x100.png/cc0000/ffffff
241,344,http://dummyimage.com/137x100.png/cc0000/ffffff
242,365,http://dummyimage.com/243x100.png/cc0000/ffffff
243,339,http://dummyimage.com/157x100.png/dddddd/000000
244,74,http://dummyimage.com/206x100.png/ff4444/ffffff
245,127,http://dummyimage.com/230x100.png/dddddd/000000
246,358,http://dummyimage.com/148x100.png/5fa2dd/ffffff
247,122,http://dummyimage.com/158x100.png/dddddd/000000
248,124,http://dummyimage.com/191x100.png/ff4444/ffffff
249,31,http://dummyimage.com/143x100.png/5fa2dd/ffffff
250,192,http://dummyimage.com/165x100.png/5fa2dd/ffffff
251,208,http://dummyimage.com/173x100.png/5fa2dd/ffffff
252,322,http://dummyimage.com/128x100.png/5fa2dd/ffffff
253,349,http://dummyimage.com/154x100.png/5fa2dd/ffffff
254,247,http://dummyimage.com/238x100.png/cc0000/ffffff
255,42,http://dummyimage.com/168x100.png/5fa2dd/ffffff
256,371,http://dummyimage.com/237x100.png/dddddd/000000
257,372,http://dummyimage.com/102x100.png/5fa2dd/ffffff
258,119,http://dummyimage.com/172x100.png/cc0000/ffffff
259,147,http://dummyimage.com/159x100.png/5fa2dd/ffffff
260,142,http://dummyimage.com/196x100.png/cc0000/ffffff
261,137,http://dummyimage.com/227x100.png/dddddd/000000
262,391,http://dummyimage.com/207x100.png/ff4444/ffffff
263,27,http://dummyimage.com/225x100.png/dddddd/000000
264,62,http://dummyimage.com/222x100.png/ff4444/ffffff
265,319,http://dummyimage.com/165x100.png/ff4444/ffffff
266,68,http://dummyimage.com/191x100.png/5fa2dd/ffffff
267,59,http://dummyimage.com/191x100.png/ff4444/ffffff
268,41,http://dummyimage.com/108x100.png/cc0000/ffffff
269,173,http://dummyimage.com/101x100.png/5fa2dd/ffffff
270,69,http://dummyimage.com/237x100.png/ff4444/ffffff
271,67,http://dummyimage.com/157x100.png/cc0000/ffffff
272,140,http://dummyimage.com/184x100.png/ff4444/ffffff
273,157,http://dummyimage.com/220x100.png/dddddd/000000
274,227,http://dummyimage.com/113x100.png/cc0000/ffffff
275,256,http://dummyimage.com/110x100.png/dddddd/000000
276,87,http://dummyimage.com/150x100.png/cc0000/ffffff
277,3,http://dummyimage.com/141x100.png/ff4444/ffffff
278,173,http://dummyimage.com/165x100.png/dddddd/000000
279,334,http://dummyimage.com/137x100.png/dddddd/000000
280,172,http://dummyimage.com/163x100.png/5fa2dd/ffffff
281,19,http://dummyimage.com/125x100.png/dddddd/000000
282,230,http://dummyimage.com/170x100.png/cc0000/ffffff
283,163,http://dummyimage.com/239x100.png/cc0000/ffffff
284,283,http://dummyimage.com/222x100.png/5fa2dd/ffffff
285,179,http://dummyimage.com/219x100.png/ff4444/ffffff
286,221,http://dummyimage.com/235x100.png/cc0000/ffffff
287,281,http://dummyimage.com/226x100.png/cc0000/ffffff
288,225,http://dummyimage.com/196x100.png/ff4444/ffffff
289,229,http://dummyimage.com/201x100.png/cc0000/ffffff
290,111,http://dummyimage.com/196x100.png/5fa2dd/ffffff
291,7,http://dummyimage.com/102x100.png/ff4444/ffffff
292,192,http://dummyimage.com/171x100.png/dddddd/000000
293,249,http://dummyimage.com/194x100.png/ff4444/ffffff
294,76,http://dummyimage.com/140x100.png/ff4444/ffffff
295,360,http://dummyimage.com/242x100.png/cc0000/ffffff
296,262,http://dummyimage.com/236x100.png/ff4444/ffffff
297,349,http://dummyimage.com/201x100.png/dddddd/000000
298,62,http://dummyimage.com/117x100.png/ff4444/ffffff
299,23,http://dummyimage.com/156x100.png/5fa2dd/ffffff
300,129,http://dummyimage.com/166x100.png/cc0000/ffffff
301,114,http://dummyimage.com/128x100.png/ff4444/ffffff
302,272,http://dummyimage.com/148x100.png/5fa2dd/ffffff
303,95,http://dummyimage.com/235x100.png/dddddd/000000
304,330,http://dummyimage.com/133x100.png/5fa2dd/ffffff
305,150,http://dummyimage.com/118x100.png/ff4444/ffffff
306,244,http://dummyimage.com/123x100.png/5fa2dd/ffffff
307,384,http://dummyimage.com/137x100.png/5fa2dd/ffffff
308,299,http://dummyimage.com/129x100.png/dddddd/000000
309,40,http://dummyimage.com/102x100.png/dddddd/000000
310,63,http://dummyimage.com/140x100.png/5fa2dd/ffffff
311,173,http://dummyimage.com/213x100.png/5fa2dd/ffffff
312,317,http://dummyimage.com/225x100.png/cc0000/ffffff
313,302,http://dummyimage.com/106x100.png/dddddd/000000
314,268,http://dummyimage.com/118x100.png/5fa2dd/ffffff
315,256,http://dummyimage.com/198x100.png/cc0000/ffffff
316,21,http://dummyimage.com/123x100.png/5fa2dd/ffffff
317,283,http://dummyimage.com/205x100.png/5fa2dd/ffffff
318,288,http://dummyimage.com/137x100.png/dddddd/000000
319,243,http://dummyimage.com/130x100.png/cc0000/ffffff
320,76,http://dummyimage.com/213x100.png/cc0000/ffffff
321,196,http://dummyimage.com/220x100.png/5fa2dd/ffffff
322,161,http://dummyimage.com/153x100.png/5fa2dd/ffffff
323,317,http://dummyimage.com/112x100.png/ff4444/ffffff
324,238,http://dummyimage.com/149x100.png/ff4444/ffffff
325,188,http://dummyimage.com/137x100.png/cc0000/ffffff
326,254,http://dummyimage.com/209x100.png/ff4444/ffffff
327,352,http://dummyimage.com/220x100.png/ff4444/ffffff
328,34,http://dummyimage.com/168x100.png/dddddd/000000
329,74,http://dummyimage.com/126x100.png/cc0000/ffffff
330,318,http://dummyimage.com/117x100.png/ff4444/ffffff
331,207,http://dummyimage.com/238x100.png/cc0000/ffffff
332,21,http://dummyimage.com/205x100.png/5fa2dd/ffffff
333,10,http://dummyimage.com/115x100.png/cc0000/ffffff
334,139,http://dummyimage.com/118x100.png/dddddd/000000
335,373,http://dummyimage.com/157x100.png/ff4444/ffffff
336,199,http://dummyimage.com/105x100.png/dddddd/000000
337,106,http://dummyimage.com/220x100.png/5fa2dd/ffffff
338,165,http://dummyimage.com/248x100.png/ff4444/ffffff
339,366,http://dummyimage.com/232x100.png/5fa2dd/ffffff
340,341,http://dummyimage.com/235x100.png/5fa2dd/ffffff
341,21,http://dummyimage.com/229x100.png/5fa2dd/ffffff
342,60,http://dummyimage.com/178x100.png/ff4444/ffffff
343,164,http://dummyimage.com/198x100.png/5fa2dd/ffffff
344,330,http://dummyimage.com/168x100.png/5fa2dd/ffffff
345,16,http://dummyimage.com/160x100.png/cc0000/ffffff
346,245,http://dummyimage.com/166x100.png/5fa2dd/ffffff
347,182,http://dummyimage.com/159x100.png/cc0000/ffffff
348,45,http://dummyimage.com/169x100.png/5fa2dd/ffffff
349,135,http://dummyimage.com/163x100.png/ff4444/ffffff
350,64,http://dummyimage.com/208x100.png/cc0000/ffffff
351,41,http://dummyimage.com/151x100.png/dddddd/000000
352,296,http://dummyimage.com/128x100.png/ff4444/ffffff
353,246,http://dummyimage.com/135x100.png/dddddd/000000
354,171,http://dummyimage.com/237x100.png/5fa2dd/ffffff
355,116,http://dummyimage.com/196x100.png/ff4444/ffffff
356,223,http://dummyimage.com/148x100.png/dddddd/000000
357,207,http://dummyimage.com/142x100.png/dddddd/000000
358,389,http://dummyimage.com/190x100.png/ff4444/ffffff
359,113,http://dummyimage.com/110x100.png/ff4444/ffffff
360,183,http://dummyimage.com/113x100.png/ff4444/ffffff
361,28,http://dummyimage.com/236x100.png/5fa2dd/ffffff
362,22,http://dummyimage.com/164x100.png/dddddd/000000
363,37,http://dummyimage.com/168x100.png/dddddd/000000
364,172,http://dummyimage.com/245x100.png/cc0000/ffffff
365,137,http://dummyimage.com/158x100.png/5fa2dd/ffffff
366,28,http://dummyimage.com/116x100.png/ff4444/ffffff
367,283,http://dummyimage.com/186x100.png/dddddd/000000
368,45,http://dummyimage.com/139x100.png/5fa2dd/ffffff
369,136,http://dummyimage.com/226x100.png/5fa2dd/ffffff
370,77,http://dummyimage.com/115x100.png/dddddd/000000
371,76,http://dummyimage.com/229x100.png/cc0000/ffffff
372,213,http://dummyimage.com/219x100.png/dddddd/000000
373,179,http://dummyimage.com/136x100.png/cc0000/ffffff
374,66,http://dummyimage.com/226x100.png/ff4444/ffffff
375,372,http://dummyimage.com/118x100.png/ff4444/ffffff
376,247,http://dummyimage.com/190x100.png/ff4444/ffffff
377,155,http://dummyimage.com/232x100.png/dddddd/000000
378,216,http://dummyimage.com/147x100.png/cc0000/ffffff
379,99,http://dummyimage.com/106x100.png/dddddd/000000
380,63,http://dummyimage.com/245x100.png/cc0000/ffffff
381,98,http://dummyimage.com/214x100.png/ff4444/ffffff
382,43,http://dummyimage.com/125x100.png/ff4444/ffffff
383,272,http://dummyimage.com/218x100.png/ff4444/ffffff
384,158,http://dummyimage.com/118x100.png/cc0000/ffffff
385,54,http://dummyimage.com/162x100.png/dddddd/000000
386,181,http://dummyimage.com/104x100.png/cc0000/ffffff
387,36,http://dummyimage.com/184x100.png/dddddd/000000
388,225,http://dummyimage.com/228x100.png/5fa2dd/ffffff
389,135,http://dummyimage.com/197x100.png/cc0000/ffffff
390,128,http://dummyimage.com/121x100.png/5fa2dd/ffffff
391,122,http://dummyimage.com/207x100.png/ff4444/ffffff
392,14,http://dummyimage.com/120x100.png/5fa2dd/ffffff
393,138,http://dummyimage.com/210x100.png/cc0000/ffffff
394,224,http://dummyimage.com/173x100.png/cc0000/ffffff
395,170,http://dummyimage.com/108x100.png/cc0000/ffffff
396,20,http://dummyimage.com/189x100.png/dddddd/000000
397,52,http://dummyimage.com/164x100.png/5fa2dd/ffffff
398,165,http://dummyimage.com/212x100.png/ff4444/ffffff
399,190,http://dummyimage.com/211x100.png/dddddd/000000
400,94,http://dummyimage.com/238x100.png/ff4444/ffffff
401,129,http://dummyimage.com/174x100.png/ff4444/ffffff
402,24,http://dummyimage.com/179x100.png/5fa2dd/ffffff
403,364,http://dummyimage.com/249x100.png/5fa2dd/ffffff
404,99,http://dummyimage.com/152x100.png/cc0000/ffffff
405,292,http://dummyimage.com/141x100.png/ff4444/ffffff
406,327,http://dummyimage.com/184x100.png/cc0000/ffffff
407,194,http://dummyimage.com/122x100.png/5fa2dd/ffffff
408,56,http://dummyimage.com/156x100.png/ff4444/ffffff
409,87,http://dummyimage.com/142x100.png/dddddd/000000
410,37,http://dummyimage.com/137x100.png/dddddd/000000
411,384,http://dummyimage.com/191x100.png/5fa2dd/ffffff
412,137,http://dummyimage.com/202x100.png/ff4444/ffffff
413,194,http://dummyimage.com/223x100.png/ff4444/ffffff
414,173,http://dummyimage.com/148x100.png/5fa2dd/ffffff
415,388,http://dummyimage.com/208x100.png/cc0000/ffffff
416,278,http://dummyimage.com/241x100.png/cc0000/ffffff
417,349,http://dummyimage.com/170x100.png/cc0000/ffffff
418,292,http://dummyimage.com/177x100.png/dddddd/000000
419,43,http://dummyimage.com/248x100.png/5fa2dd/ffffff
420,44,http://dummyimage.com/210x100.png/ff4444/ffffff
421,392,http://dummyimage.com/173x100.png/ff4444/ffffff
422,271,http://dummyimage.com/117x100.png/cc0000/ffffff
423,40,http://dummyimage.com/188x100.png/cc0000/ffffff
424,165,http://dummyimage.com/125x100.png/dddddd/000000
425,348,http://dummyimage.com/119x100.png/ff4444/ffffff
426,380,http://dummyimage.com/199x100.png/dddddd/000000
427,149,http://dummyimage.com/205x100.png/5fa2dd/ffffff
428,57,http://dummyimage.com/155x100.png/cc0000/ffffff
429,196,http://dummyimage.com/185x100.png/5fa2dd/ffffff
430,43,http://dummyimage.com/140x100.png/cc0000/ffffff
431,125,http://dummyimage.com/116x100.png/cc0000/ffffff
432,176,http://dummyimage.com/173x100.png/ff4444/ffffff
433,324,http://dummyimage.com/162x100.png/ff4444/ffffff
434,110,http://dummyimage.com/116x100.png/dddddd/000000
435,129,http://dummyimage.com/174x100.png/5fa2dd/ffffff
436,200,http://dummyimage.com/142x100.png/5fa2dd/ffffff
437,76,http://dummyimage.com/135x100.png/5fa2dd/ffffff
438,111,http://dummyimage.com/186x100.png/5fa2dd/ffffff
439,149,http://dummyimage.com/213x100.png/dddddd/000000
440,251,http://dummyimage.com/204x100.png/ff4444/ffffff
441,64,http://dummyimage.com/135x100.png/dddddd/000000
442,344,http://dummyimage.com/134x100.png/ff4444/ffffff
443,358,http://dummyimage.com/164x100.png/cc0000/ffffff
444,224,http://dummyimage.com/185x100.png/dddddd/000000
445,351,http://dummyimage.com/101x100.png/cc0000/ffffff
446,131,http://dummyimage.com/152x100.png/cc0000/ffffff
447,244,http://dummyimage.com/134x100.png/ff4444/ffffff
448,99,http://dummyimage.com/132x100.png/ff4444/ffffff
449,380,http://dummyimage.com/132x100.png/ff4444/ffffff
450,267,http://dummyimage.com/218x100.png/cc0000/ffffff
451,42,http://dummyimage.com/113x100.png/dddddd/000000
452,305,http://dummyimage.com/127x100.png/cc0000/ffffff
453,200,http://dummyimage.com/132x100.png/5fa2dd/ffffff
454,179,http://dummyimage.com/134x100.png/ff4444/ffffff
455,13,http://dummyimage.com/110x100.png/dddddd/000000
456,67,http://dummyimage.com/124x100.png/dddddd/000000
457,398,http://dummyimage.com/121x100.png/cc0000/ffffff
458,223,http://dummyimage.com/126x100.png/5fa2dd/ffffff
459,366,http://dummyimage.com/104x100.png/5fa2dd/ffffff
460,316,http://dummyimage.com/154x100.png/ff4444/ffffff
461,114,http://dummyimage.com/236x100.png/5fa2dd/ffffff
462,98,http://dummyimage.com/114x100.png/ff4444/ffffff
463,249,http://dummyimage.com/197x100.png/cc0000/ffffff
464,155,http://dummyimage.com/246x100.png/ff4444/ffffff
465,177,http://dummyimage.com/164x100.png/5fa2dd/ffffff
466,227,http://dummyimage.com/137x100.png/cc0000/ffffff
467,21,http://dummyimage.com/103x100.png/ff4444/ffffff
468,290,http://dummyimage.com/191x100.png/cc0000/ffffff
469,320,http://dummyimage.com/223x100.png/dddddd/000000
470,291,http://dummyimage.com/148x100.png/5fa2dd/ffffff
471,251,http://dummyimage.com/197x100.png/5fa2dd/ffffff
472,274,http://dummyimage.com/147x100.png/5fa2dd/ffffff
473,316,http://dummyimage.com/202x100.png/ff4444/ffffff
474,269,http://dummyimage.com/165x100.png/cc0000/ffffff
475,149,http://dummyimage.com/105x100.png/cc0000/ffffff
476,86,http://dummyimage.com/244x100.png/5fa2dd/ffffff
477,239,http://dummyimage.com/106x100.png/5fa2dd/ffffff
478,373,http://dummyimage.com/217x100.png/ff4444/ffffff
479,319,http://dummyimage.com/239x100.png/ff4444/ffffff
480,211,http://dummyimage.com/182x100.png/dddddd/000000
481,310,http://dummyimage.com/170x100.png/ff4444/ffffff
482,184,http://dummyimage.com/204x100.png/dddddd/000000
483,257,http://dummyimage.com/243x100.png/5fa2dd/ffffff
484,329,http://dummyimage.com/218x100.png/dddddd/000000
485,368,http://dummyimage.com/194x100.png/5fa2dd/ffffff
486,194,http://dummyimage.com/123x100.png/5fa2dd/ffffff
487,241,http://dummyimage.com/152x100.png/5fa2dd/ffffff
488,153,http://dummyimage.com/199x100.png/cc0000/ffffff
489,358,http://dummyimage.com/229x100.png/cc0000/ffffff
490,375,http://dummyimage.com/135x100.png/dddddd/000000
491,256,http://dummyimage.com/174x100.png/ff4444/ffffff
492,184,http://dummyimage.com/104x100.png/dddddd/000000
493,367,http://dummyimage.com/128x100.png/ff4444/ffffff
494,384,http://dummyimage.com/210x100.png/ff4444/ffffff
495,372,http://dummyimage.com/106x100.png/5fa2dd/ffffff
496,291,http://dummyimage.com/123x100.png/5fa2dd/ffffff
497,342,http://dummyimage.com/239x100.png/dddddd/000000
498,315,http://dummyimage.com/179x100.png/dddddd/000000
499,270,http://dummyimage.com/103x100.png/dddddd/000000
500,268,http://dummyimage.com/233x100.png/dddddd/000000
501,238,http://dummyimage.com/192x100.png/5fa2dd/ffffff
502,277,http://dummyimage.com/162x100.png/5fa2dd/ffffff
503,18,http://dummyimage.com/207x100.png/cc0000/ffffff
504,98,http://dummyimage.com/208x100.png/5fa2dd/ffffff
505,295,http://dummyimage.com/206x100.png/cc0000/ffffff
506,29,http://dummyimage.com/163x100.png/dddddd/000000
507,279,http://dummyimage.com/244x100.png/ff4444/ffffff
508,210,http://dummyimage.com/214x100.png/dddddd/000000
509,366,http://dummyimage.com/116x100.png/ff4444/ffffff
510,357,http://dummyimage.com/225x100.png/5fa2dd/ffffff
511,20,http://dummyimage.com/115x100.png/ff4444/ffffff
512,358,http://dummyimage.com/108x100.png/dddddd/000000
513,386,http://dummyimage.com/106x100.png/dddddd/000000
514,397,http://dummyimage.com/160x100.png/cc0000/ffffff
515,82,http://dummyimage.com/209x100.png/5fa2dd/ffffff
516,233,http://dummyimage.com/240x100.png/5fa2dd/ffffff
517,279,http://dummyimage.com/136x100.png/cc0000/ffffff
518,358,http://dummyimage.com/127x100.png/dddddd/000000
519,198,http://dummyimage.com/201x100.png/5fa2dd/ffffff
520,83,http://dummyimage.com/230x100.png/5fa2dd/ffffff
521,142,http://dummyimage.com/178x100.png/cc0000/ffffff
522,168,http://dummyimage.com/218x100.png/dddddd/000000
523,253,http://dummyimage.com/185x100.png/dddddd/000000
524,206,http://dummyimage.com/233x100.png/cc0000/ffffff
525,227,http://dummyimage.com/234x100.png/cc0000/ffffff
526,292,http://dummyimage.com/156x100.png/ff4444/ffffff
527,335,http://dummyimage.com/173x100.png/5fa2dd/ffffff
528,341,http://dummyimage.com/141x100.png/cc0000/ffffff
529,128,http://dummyimage.com/124x100.png/ff4444/ffffff
530,233,http://dummyimage.com/230x100.png/dddddd/000000
531,379,http://dummyimage.com/106x100.png/5fa2dd/ffffff
532,63,http://dummyimage.com/192x100.png/ff4444/ffffff
533,75,http://dummyimage.com/103x100.png/cc0000/ffffff
534,277,http://dummyimage.com/173x100.png/5fa2dd/ffffff
535,178,http://dummyimage.com/213x100.png/5fa2dd/ffffff
536,96,http://dummyimage.com/101x100.png/5fa2dd/ffffff
537,90,http://dummyimage.com/137x100.png/cc0000/ffffff
538,385,http://dummyimage.com/127x100.png/dddddd/000000
539,72,http://dummyimage.com/162x100.png/cc0000/ffffff
540,186,http://dummyimage.com/191x100.png/5fa2dd/ffffff
541,364,http://dummyimage.com/180x100.png/5fa2dd/ffffff
542,345,http://dummyimage.com/154x100.png/5fa2dd/ffffff
543,218,http://dummyimage.com/101x100.png/cc0000/ffffff
544,179,http://dummyimage.com/148x100.png/dddddd/000000
545,245,http://dummyimage.com/161x100.png/5fa2dd/ffffff
546,299,http://dummyimage.com/209x100.png/5fa2dd/ffffff
547,309,http://dummyimage.com/132x100.png/dddddd/000000
548,346,http://dummyimage.com/103x100.png/5fa2dd/ffffff
549,127,http://dummyimage.com/113x100.png/cc0000/ffffff
550,348,http://dummyimage.com/120x100.png/cc0000/ffffff
551,200,http://dummyimage.com/106x100.png/5fa2dd/ffffff
552,69,http://dummyimage.com/129x100.png/cc0000/ffffff
553,184,http://dummyimage.com/245x100.png/cc0000/ffffff
554,162,http://dummyimage.com/177x100.png/cc0000/ffffff
555,325,http://dummyimage.com/210x100.png/dddddd/000000
556,209,http://dummyimage.com/150x100.png/dddddd/000000
557,311,http://dummyimage.com/175x100.png/5fa2dd/ffffff
558,160,http://dummyimage.com/232x100.png/5fa2dd/ffffff
559,95,http://dummyimage.com/187x100.png/5fa2dd/ffffff
560,161,http://dummyimage.com/147x100.png/cc0000/ffffff
561,217,http://dummyimage.com/175x100.png/ff4444/ffffff
562,393,http://dummyimage.com/212x100.png/ff4444/ffffff
563,344,http://dummyimage.com/132x100.png/dddddd/000000
564,242,http://dummyimage.com/225x100.png/cc0000/ffffff
565,184,http://dummyimage.com/147x100.png/5fa2dd/ffffff
566,315,http://dummyimage.com/230x100.png/dddddd/000000
567,76,http://dummyimage.com/112x100.png/dddddd/000000
568,91,http://dummyimage.com/125x100.png/5fa2dd/ffffff
569,304,http://dummyimage.com/133x100.png/5fa2dd/ffffff
570,294,http://dummyimage.com/193x100.png/5fa2dd/ffffff
571,101,http://dummyimage.com/193x100.png/cc0000/ffffff
572,149,http://dummyimage.com/209x100.png/cc0000/ffffff
573,247,http://dummyimage.com/235x100.png/dddddd/000000
574,260,http://dummyimage.com/245x100.png/dddddd/000000
575,331,http://dummyimage.com/243x100.png/dddddd/000000
576,287,http://dummyimage.com/102x100.png/cc0000/ffffff
577,163,http://dummyimage.com/147x100.png/5fa2dd/ffffff
578,309,http://dummyimage.com/182x100.png/5fa2dd/ffffff
579,189,http://dummyimage.com/158x100.png/cc0000/ffffff
580,284,http://dummyimage.com/197x100.png/cc0000/ffffff
581,136,http://dummyimage.com/217x100.png/5fa2dd/ffffff
582,372,http://dummyimage.com/218x100.png/5fa2dd/ffffff
583,374,http://dummyimage.com/112x100.png/cc0000/ffffff
584,66,http://dummyimage.com/231x100.png/5fa2dd/ffffff
585,280,http://dummyimage.com/145x100.png/cc0000/ffffff
586,393,http://dummyimage.com/215x100.png/5fa2dd/ffffff
587,336,http://dummyimage.com/140x100.png/dddddd/000000
588,329,http://dummyimage.com/124x100.png/ff4444/ffffff
589,234,http://dummyimage.com/155x100.png/5fa2dd/ffffff
590,304,http://dummyimage.com/151x100.png/ff4444/ffffff
591,112,http://dummyimage.com/167x100.png/ff4444/ffffff
592,355,http://dummyimage.com/200x100.png/5fa2dd/ffffff
593,340,http://dummyimage.com/195x100.png/ff4444/ffffff
594,20,http://dummyimage.com/139x100.png/5fa2dd/ffffff
595,333,http://dummyimage.com/209x100.png/cc0000/ffffff
596,35,http://dummyimage.com/117x100.png/5fa2dd/ffffff
597,390,http://dummyimage.com/232x100.png/cc0000/ffffff
598,73,http://dummyimage.com/132x100.png/ff4444/ffffff
599,92,http://dummyimage.com/132x100.png/5fa2dd/ffffff
600,268,http://dummyimage.com/106x100.png/dddddd/000000
601,199,http://dummyimage.com/121x100.png/ff4444/ffffff
602,218,http://dummyimage.com/182x100.png/cc0000/ffffff
603,12,http://dummyimage.com/174x100.png/cc0000/ffffff
604,277,http://dummyimage.com/205x100.png/ff4444/ffffff
605,345,http://dummyimage.com/244x100.png/cc0000/ffffff
606,271,http://dummyimage.com/236x100.png/dddddd/000000
607,360,http://dummyimage.com/180x100.png/5fa2dd/ffffff
608,201,http://dummyimage.com/190x100.png/5fa2dd/ffffff
609,345,http://dummyimage.com/167x100.png/cc0000/ffffff
610,107,http://dummyimage.com/196x100.png/5fa2dd/ffffff
611,203,http://dummyimage.com/247x100.png/5fa2dd/ffffff
612,19,http://dummyimage.com/131x100.png/cc0000/ffffff
613,383,http://dummyimage.com/130x100.png/ff4444/ffffff
614,358,http://dummyimage.com/169x100.png/cc0000/ffffff
615,303,http://dummyimage.com/114x100.png/ff4444/ffffff
616,376,http://dummyimage.com/214x100.png/cc0000/ffffff
617,67,http://dummyimage.com/222x100.png/5fa2dd/ffffff
618,325,http://dummyimage.com/215x100.png/dddddd/000000
619,329,http://dummyimage.com/164x100.png/5fa2dd/ffffff
620,68,http://dummyimage.com/153x100.png/ff4444/ffffff
621,63,http://dummyimage.com/157x100.png/ff4444/ffffff
622,229,http://dummyimage.com/186x100.png/dddddd/000000
623,103,http://dummyimage.com/170x100.png/ff4444/ffffff
624,342,http://dummyimage.com/235x100.png/ff4444/ffffff
625,2,http://dummyimage.com/212x100.png/cc0000/ffffff
626,238,http://dummyimage.com/129x100.png/ff4444/ffffff
627,185,http://dummyimage.com/223x100.png/ff4444/ffffff
628,278,http://dummyimage.com/190x100.png/cc0000/ffffff
629,206,http://dummyimage.com/161x100.png/5fa2dd/ffffff
630,265,http://dummyimage.com/205x100.png/dddddd/000000
631,387,http://dummyimage.com/159x100.png/dddddd/000000
632,153,http://dummyimage.com/229x100.png/cc0000/ffffff
633,370,http://dummyimage.com/149x100.png/ff4444/ffffff
634,26,http://dummyimage.com/156x100.png/5fa2dd/ffffff
635,372,http://dummyimage.com/228x100.png/dddddd/000000
636,261,http://dummyimage.com/166x100.png/ff4444/ffffff
637,164,http://dummyimage.com/195x100.png/cc0000/ffffff
638,191,http://dummyimage.com/119x100.png/dddddd/000000
639,384,http://dummyimage.com/199x100.png/ff4444/ffffff
640,31,http://dummyimage.com/142x100.png/5fa2dd/ffffff
641,140,http://dummyimage.com/150x100.png/cc0000/ffffff
642,208,http://dummyimage.com/241x100.png/cc0000/ffffff
643,78,http://dummyimage.com/190x100.png/dddddd/000000
644,143,http://dummyimage.com/148x100.png/ff4444/ffffff
645,398,http://dummyimage.com/132x100.png/5fa2dd/ffffff
646,335,http://dummyimage.com/155x100.png/5fa2dd/ffffff
647,228,http://dummyimage.com/162x100.png/dddddd/000000
648,240,http://dummyimage.com/203x100.png/5fa2dd/ffffff
649,92,http://dummyimage.com/175x100.png/ff4444/ffffff
650,360,http://dummyimage.com/126x100.png/ff4444/ffffff
651,211,http://dummyimage.com/141x100.png/cc0000/ffffff
652,31,http://dummyimage.com/164x100.png/ff4444/ffffff
653,288,http://dummyimage.com/203x100.png/cc0000/ffffff
654,370,http://dummyimage.com/128x100.png/ff4444/ffffff
655,8,http://dummyimage.com/184x100.png/cc0000/ffffff
656,373,http://dummyimage.com/109x100.png/5fa2dd/ffffff
657,351,http://dummyimage.com/184x100.png/5fa2dd/ffffff
658,221,http://dummyimage.com/112x100.png/ff4444/ffffff
659,303,http://dummyimage.com/112x100.png/dddddd/000000
660,143,http://dummyimage.com/112x100.png/dddddd/000000
661,199,http://dummyimage.com/164x100.png/5fa2dd/ffffff
662,269,http://dummyimage.com/188x100.png/cc0000/ffffff
663,309,http://dummyimage.com/133x100.png/dddddd/000000
664,283,http://dummyimage.com/243x100.png/dddddd/000000
665,30,http://dummyimage.com/208x100.png/dddddd/000000
666,102,http://dummyimage.com/158x100.png/ff4444/ffffff
667,330,http://dummyimage.com/144x100.png/cc0000/ffffff
668,108,http://dummyimage.com/124x100.png/ff4444/ffffff
669,244,http://dummyimage.com/180x100.png/dddddd/000000
670,237,http://dummyimage.com/125x100.png/dddddd/000000
671,35,http://dummyimage.com/142x100.png/dddddd/000000
672,21,http://dummyimage.com/199x100.png/dddddd/000000
673,253,http://dummyimage.com/177x100.png/ff4444/ffffff
674,39,http://dummyimage.com/207x100.png/5fa2dd/ffffff
675,271,http://dummyimage.com/206x100.png/dddddd/000000
676,171,http://dummyimage.com/184x100.png/dddddd/000000
677,133,http://dummyimage.com/228x100.png/5fa2dd/ffffff
678,189,http://dummyimage.com/143x100.png/5fa2dd/ffffff
679,360,http://dummyimage.com/236x100.png/dddddd/000000
680,58,http://dummyimage.com/107x100.png/5fa2dd/ffffff
681,78,http://dummyimage.com/225x100.png/dddddd/000000
682,350,http://dummyimage.com/229x100.png/ff4444/ffffff
683,184,http://dummyimage.com/155x100.png/5fa2dd/ffffff
684,394,http://dummyimage.com/146x100.png/ff4444/ffffff
685,343,http://dummyimage.com/157x100.png/dddddd/000000
686,362,http://dummyimage.com/214x100.png/cc0000/ffffff
687,135,http://dummyimage.com/203x100.png/ff4444/ffffff
688,338,http://dummyimage.com/248x100.png/5fa2dd/ffffff
689,288,http://dummyimage.com/181x100.png/cc0000/ffffff
690,96,http://dummyimage.com/187x100.png/cc0000/ffffff
691,273,http://dummyimage.com/223x100.png/cc0000/ffffff
692,113,http://dummyimage.com/191x100.png/dddddd/000000
693,46,http://dummyimage.com/140x100.png/cc0000/ffffff
694,340,http://dummyimage.com/234x100.png/5fa2dd/ffffff
695,259,http://dummyimage.com/250x100.png/cc0000/ffffff
696,369,http://dummyimage.com/156x100.png/ff4444/ffffff
697,273,http://dummyimage.com/245x100.png/dddddd/000000
698,60,http://dummyimage.com/240x100.png/ff4444/ffffff
699,113,http://dummyimage.com/205x100.png/5fa2dd/ffffff
700,379,http://dummyimage.com/223x100.png/5fa2dd/ffffff
701,242,http://dummyimage.com/122x100.png/5fa2dd/ffffff
702,238,http://dummyimage.com/108x100.png/dddddd/000000
703,43,http://dummyimage.com/212x100.png/5fa2dd/ffffff
704,344,http://dummyimage.com/143x100.png/5fa2dd/ffffff
705,299,http://dummyimage.com/167x100.png/5fa2dd/ffffff
706,94,http://dummyimage.com/195x100.png/dddddd/000000
707,342,http://dummyimage.com/130x100.png/5fa2dd/ffffff
708,17,http://dummyimage.com/223x100.png/dddddd/000000
709,247,http://dummyimage.com/236x100.png/dddddd/000000
710,334,http://dummyimage.com/163x100.png/cc0000/ffffff
711,302,http://dummyimage.com/112x100.png/5fa2dd/ffffff
712,115,http://dummyimage.com/195x100.png/dddddd/000000
713,212,http://dummyimage.com/158x100.png/ff4444/ffffff
714,201,http://dummyimage.com/168x100.png/dddddd/000000
715,58,http://dummyimage.com/208x100.png/cc0000/ffffff
716,56,http://dummyimage.com/100x100.png/cc0000/ffffff
717,207,http://dummyimage.com/157x100.png/5fa2dd/ffffff
718,206,http://dummyimage.com/162x100.png/dddddd/000000
719,53,http://dummyimage.com/114x100.png/dddddd/000000
720,271,http://dummyimage.com/162x100.png/cc0000/ffffff
721,10,http://dummyimage.com/154x100.png/cc0000/ffffff
722,62,http://dummyimage.com/184x100.png/ff4444/ffffff
723,362,http://dummyimage.com/180x100.png/dddddd/000000
724,188,http://dummyimage.com/104x100.png/5fa2dd/ffffff
725,202,http://dummyimage.com/117x100.png/ff4444/ffffff
726,333,http://dummyimage.com/203x100.png/cc0000/ffffff
727,390,http://dummyimage.com/207x100.png/ff4444/ffffff
728,391,http://dummyimage.com/149x100.png/5fa2dd/ffffff
729,212,http://dummyimage.com/188x100.png/dddddd/000000
730,246,http://dummyimage.com/105x100.png/ff4444/ffffff
731,268,http://dummyimage.com/155x100.png/dddddd/000000
732,29,http://dummyimage.com/218x100.png/dddddd/000000
733,154,http://dummyimage.com/201x100.png/ff4444/ffffff
734,69,http://dummyimage.com/206x100.png/5fa2dd/ffffff
735,350,http://dummyimage.com/117x100.png/cc0000/ffffff
736,362,http://dummyimage.com/136x100.png/dddddd/000000
737,335,http://dummyimage.com/217x100.png/ff4444/ffffff
738,178,http://dummyimage.com/123x100.png/dddddd/000000
739,114,http://dummyimage.com/134x100.png/5fa2dd/ffffff
740,28,http://dummyimage.com/167x100.png/dddddd/000000
741,261,http://dummyimage.com/160x100.png/cc0000/ffffff
742,311,http://dummyimage.com/228x100.png/dddddd/000000
743,161,http://dummyimage.com/204x100.png/ff4444/ffffff
744,109,http://dummyimage.com/166x100.png/ff4444/ffffff
745,314,http://dummyimage.com/232x100.png/ff4444/ffffff
746,197,http://dummyimage.com/217x100.png/5fa2dd/ffffff
747,243,http://dummyimage.com/221x100.png/cc0000/ffffff
748,229,http://dummyimage.com/128x100.png/dddddd/000000
749,249,http://dummyimage.com/232x100.png/5fa2dd/ffffff
750,166,http://dummyimage.com/220x100.png/cc0000/ffffff
751,141,http://dummyimage.com/137x100.png/cc0000/ffffff
752,271,http://dummyimage.com/212x100.png/ff4444/ffffff
753,24,http://dummyimage.com/207x100.png/dddddd/000000
754,20,http://dummyimage.com/114x100.png/ff4444/ffffff
755,346,http://dummyimage.com/128x100.png/cc0000/ffffff
756,234,http://dummyimage.com/140x100.png/5fa2dd/ffffff
757,252,http://dummyimage.com/174x100.png/5fa2dd/ffffff
758,251,http://dummyimage.com/120x100.png/dddddd/000000
759,303,http://dummyimage.com/213x100.png/ff4444/ffffff
760,264,http://dummyimage.com/144x100.png/cc0000/ffffff
761,285,http://dummyimage.com/220x100.png/cc0000/ffffff
762,73,http://dummyimage.com/182x100.png/dddddd/000000
763,55,http://dummyimage.com/156x100.png/dddddd/000000
764,208,http://dummyimage.com/143x100.png/cc0000/ffffff
765,57,http://dummyimage.com/127x100.png/dddddd/000000
766,108,http://dummyimage.com/134x100.png/5fa2dd/ffffff
767,327,http://dummyimage.com/142x100.png/cc0000/ffffff
768,39,http://dummyimage.com/101x100.png/ff4444/ffffff
769,252,http://dummyimage.com/224x100.png/dddddd/000000
770,234,http://dummyimage.com/209x100.png/ff4444/ffffff
771,101,http://dummyimage.com/228x100.png/cc0000/ffffff
772,111,http://dummyimage.com/125x100.png/dddddd/000000
773,243,http://dummyimage.com/242x100.png/dddddd/000000
774,221,http://dummyimage.com/149x100.png/dddddd/000000
775,277,http://dummyimage.com/144x100.png/ff4444/ffffff
776,368,http://dummyimage.com/249x100.png/dddddd/000000
777,345,http://dummyimage.com/215x100.png/cc0000/ffffff
778,245,http://dummyimage.com/231x100.png/ff4444/ffffff
779,68,http://dummyimage.com/227x100.png/dddddd/000000
780,267,http://dummyimage.com/197x100.png/ff4444/ffffff
781,8,http://dummyimage.com/103x100.png/5fa2dd/ffffff
782,326,http://dummyimage.com/193x100.png/ff4444/ffffff
783,166,http://dummyimage.com/134x100.png/5fa2dd/ffffff
784,369,http://dummyimage.com/171x100.png/ff4444/ffffff
785,49,http://dummyimage.com/181x100.png/cc0000/ffffff
786,324,http://dummyimage.com/217x100.png/dddddd/000000
787,227,http://dummyimage.com/215x100.png/ff4444/ffffff
788,192,http://dummyimage.com/121x100.png/5fa2dd/ffffff
789,239,http://dummyimage.com/185x100.png/ff4444/ffffff
790,157,http://dummyimage.com/218x100.png/dddddd/000000
791,254,http://dummyimage.com/117x100.png/ff4444/ffffff
792,192,http://dummyimage.com/148x100.png/5fa2dd/ffffff
793,99,http://dummyimage.com/219x100.png/dddddd/000000
794,327,http://dummyimage.com/155x100.png/cc0000/ffffff
795,210,http://dummyimage.com/172x100.png/dddddd/000000
796,374,http://dummyimage.com/115x100.png/ff4444/ffffff
797,113,http://dummyimage.com/142x100.png/dddddd/000000
798,273,http://dummyimage.com/236x100.png/cc0000/ffffff
799,67,http://dummyimage.com/225x100.png/5fa2dd/ffffff
800,280,http://dummyimage.com/164x100.png/ff4444/ffffff
801,377,http://dummyimage.com/155x100.png/cc0000/ffffff
802,168,http://dummyimage.com/184x100.png/cc0000/ffffff
803,102,http://dummyimage.com/199x100.png/cc0000/ffffff
804,361,http://dummyimage.com/166x100.png/dddddd/000000
805,205,http://dummyimage.com/165x100.png/ff4444/ffffff
806,339,http://dummyimage.com/165x100.png/dddddd/000000
807,235,http://dummyimage.com/163x100.png/dddddd/000000
808,140,http://dummyimage.com/246x100.png/5fa2dd/ffffff
809,41,http://dummyimage.com/201x100.png/dddddd/000000
810,102,http://dummyimage.com/185x100.png/ff4444/ffffff
811,255,http://dummyimage.com/147x100.png/dddddd/000000
812,189,http://dummyimage.com/121x100.png/5fa2dd/ffffff
813,342,http://dummyimage.com/195x100.png/cc0000/ffffff
814,207,http://dummyimage.com/149x100.png/dddddd/000000
815,308,http://dummyimage.com/228x100.png/dddddd/000000
816,30,http://dummyimage.com/235x100.png/ff4444/ffffff
817,163,http://dummyimage.com/104x100.png/cc0000/ffffff
818,98,http://dummyimage.com/124x100.png/ff4444/ffffff
819,21,http://dummyimage.com/210x100.png/cc0000/ffffff
820,29,http://dummyimage.com/231x100.png/ff4444/ffffff
821,182,http://dummyimage.com/143x100.png/cc0000/ffffff
822,112,http://dummyimage.com/211x100.png/ff4444/ffffff
823,310,http://dummyimage.com/209x100.png/ff4444/ffffff
824,49,http://dummyimage.com/218x100.png/ff4444/ffffff
825,366,http://dummyimage.com/240x100.png/dddddd/000000
826,40,http://dummyimage.com/179x100.png/cc0000/ffffff
827,130,http://dummyimage.com/246x100.png/cc0000/ffffff
828,143,http://dummyimage.com/240x100.png/5fa2dd/ffffff
829,55,http://dummyimage.com/186x100.png/cc0000/ffffff
830,306,http://dummyimage.com/137x100.png/ff4444/ffffff
831,240,http://dummyimage.com/249x100.png/ff4444/ffffff
832,247,http://dummyimage.com/158x100.png/ff4444/ffffff
833,381,http://dummyimage.com/128x100.png/cc0000/ffffff
834,14,http://dummyimage.com/173x100.png/dddddd/000000
835,381,http://dummyimage.com/195x100.png/5fa2dd/ffffff
836,353,http://dummyimage.com/249x100.png/ff4444/ffffff
837,260,http://dummyimage.com/184x100.png/ff4444/ffffff
838,219,http://dummyimage.com/160x100.png/cc0000/ffffff
839,69,http://dummyimage.com/234x100.png/ff4444/ffffff
840,225,http://dummyimage.com/203x100.png/dddddd/000000
841,350,http://dummyimage.com/191x100.png/5fa2dd/ffffff
842,382,http://dummyimage.com/153x100.png/cc0000/ffffff
843,202,http://dummyimage.com/199x100.png/ff4444/ffffff
844,235,http://dummyimage.com/217x100.png/cc0000/ffffff
845,46,http://dummyimage.com/228x100.png/cc0000/ffffff
846,15,http://dummyimage.com/176x100.png/dddddd/000000
847,69,http://dummyimage.com/147x100.png/dddddd/000000
848,178,http://dummyimage.com/226x100.png/dddddd/000000
849,193,http://dummyimage.com/113x100.png/ff4444/ffffff
850,333,http://dummyimage.com/205x100.png/cc0000/ffffff
851,84,http://dummyimage.com/150x100.png/cc0000/ffffff
852,179,http://dummyimage.com/123x100.png/5fa2dd/ffffff
853,248,http://dummyimage.com/250x100.png/ff4444/ffffff
854,97,http://dummyimage.com/241x100.png/cc0000/ffffff
855,249,http://dummyimage.com/142x100.png/cc0000/ffffff
856,80,http://dummyimage.com/149x100.png/ff4444/ffffff
857,95,http://dummyimage.com/114x100.png/ff4444/ffffff
858,280,http://dummyimage.com/224x100.png/ff4444/ffffff
859,139,http://dummyimage.com/104x100.png/dddddd/000000
860,121,http://dummyimage.com/137x100.png/5fa2dd/ffffff
861,385,http://dummyimage.com/235x100.png/ff4444/ffffff
862,363,http://dummyimage.com/179x100.png/ff4444/ffffff
863,337,http://dummyimage.com/214x100.png/cc0000/ffffff
864,255,http://dummyimage.com/158x100.png/ff4444/ffffff
865,109,http://dummyimage.com/208x100.png/dddddd/000000
866,138,http://dummyimage.com/213x100.png/cc0000/ffffff
867,257,http://dummyimage.com/241x100.png/ff4444/ffffff
868,131,http://dummyimage.com/250x100.png/cc0000/ffffff
869,375,http://dummyimage.com/182x100.png/5fa2dd/ffffff
870,184,http://dummyimage.com/127x100.png/cc0000/ffffff
871,137,http://dummyimage.com/139x100.png/ff4444/ffffff
872,52,http://dummyimage.com/222x100.png/5fa2dd/ffffff
873,341,http://dummyimage.com/229x100.png/dddddd/000000
874,188,http://dummyimage.com/146x100.png/dddddd/000000
875,70,http://dummyimage.com/187x100.png/5fa2dd/ffffff
876,180,http://dummyimage.com/229x100.png/5fa2dd/ffffff
877,115,http://dummyimage.com/193x100.png/cc0000/ffffff
878,280,http://dummyimage.com/211x100.png/dddddd/000000
879,341,http://dummyimage.com/248x100.png/cc0000/ffffff
880,187,http://dummyimage.com/121x100.png/5fa2dd/ffffff
881,232,http://dummyimage.com/109x100.png/5fa2dd/ffffff
882,371,http://dummyimage.com/208x100.png/dddddd/000000
883,47,http://dummyimage.com/239x100.png/dddddd/000000
884,5,http://dummyimage.com/243x100.png/5fa2dd/ffffff
885,21,http://dummyimage.com/133x100.png/dddddd/000000
886,62,http://dummyimage.com/136x100.png/cc0000/ffffff
887,25,http://dummyimage.com/173x100.png/ff4444/ffffff
888,74,http://dummyimage.com/108x100.png/5fa2dd/ffffff
889,248,http://dummyimage.com/205x100.png/cc0000/ffffff
890,312,http://dummyimage.com/238x100.png/dddddd/000000
891,16,http://dummyimage.com/150x100.png/ff4444/ffffff
892,128,http://dummyimage.com/176x100.png/5fa2dd/ffffff
893,42,http://dummyimage.com/201x100.png/cc0000/ffffff
894,279,http://dummyimage.com/181x100.png/cc0000/ffffff
895,281,http://dummyimage.com/119x100.png/cc0000/ffffff
896,189,http://dummyimage.com/162x100.png/dddddd/000000
897,351,http://dummyimage.com/195x100.png/ff4444/ffffff
898,348,http://dummyimage.com/178x100.png/cc0000/ffffff
899,5,http://dummyimage.com/225x100.png/cc0000/ffffff
900,270,http://dummyimage.com/182x100.png/5fa2dd/ffffff
901,398,http://dummyimage.com/201x100.png/5fa2dd/ffffff
902,241,http://dummyimage.com/174x100.png/dddddd/000000
903,143,http://dummyimage.com/165x100.png/cc0000/ffffff
904,375,http://dummyimage.com/149x100.png/5fa2dd/ffffff
905,341,http://dummyimage.com/196x100.png/cc0000/ffffff
906,58,http://dummyimage.com/103x100.png/ff4444/ffffff
907,306,http://dummyimage.com/167x100.png/5fa2dd/ffffff
908,225,http://dummyimage.com/169x100.png/5fa2dd/ffffff
909,147,http://dummyimage.com/155x100.png/ff4444/ffffff
910,127,http://dummyimage.com/150x100.png/dddddd/000000
911,349,http://dummyimage.com/116x100.png/5fa2dd/ffffff
912,31,http://dummyimage.com/245x100.png/5fa2dd/ffffff
913,285,http://dummyimage.com/134x100.png/ff4444/ffffff
914,182,http://dummyimage.com/182x100.png/5fa2dd/ffffff
915,344,http://dummyimage.com/150x100.png/dddddd/000000
916,305,http://dummyimage.com/141x100.png/5fa2dd/ffffff
917,200,http://dummyimage.com/221x100.png/cc0000/ffffff
918,223,http://dummyimage.com/169x100.png/dddddd/000000
919,202,http://dummyimage.com/187x100.png/dddddd/000000
920,320,http://dummyimage.com/139x100.png/cc0000/ffffff
921,261,http://dummyimage.com/164x100.png/ff4444/ffffff
922,201,http://dummyimage.com/174x100.png/dddddd/000000
923,124,http://dummyimage.com/208x100.png/5fa2dd/ffffff
924,380,http://dummyimage.com/166x100.png/cc0000/ffffff
925,337,http://dummyimage.com/116x100.png/5fa2dd/ffffff
926,352,http://dummyimage.com/141x100.png/dddddd/000000
927,326,http://dummyimage.com/159x100.png/5fa2dd/ffffff
928,3,http://dummyimage.com/155x100.png/dddddd/000000
929,161,http://dummyimage.com/194x100.png/5fa2dd/ffffff
930,82,http://dummyimage.com/131x100.png/cc0000/ffffff
931,314,http://dummyimage.com/224x100.png/dddddd/000000
932,23,http://dummyimage.com/219x100.png/cc0000/ffffff
933,216,http://dummyimage.com/194x100.png/ff4444/ffffff
934,149,http://dummyimage.com/181x100.png/dddddd/000000
935,205,http://dummyimage.com/195x100.png/ff4444/ffffff
936,189,http://dummyimage.com/106x100.png/ff4444/ffffff
937,162,http://dummyimage.com/133x100.png/dddddd/000000
938,194,http://dummyimage.com/211x100.png/5fa2dd/ffffff
939,78,http://dummyimage.com/135x100.png/cc0000/ffffff
940,111,http://dummyimage.com/132x100.png/ff4444/ffffff
941,30,http://dummyimage.com/238x100.png/5fa2dd/ffffff
942,122,http://dummyimage.com/134x100.png/cc0000/ffffff
943,62,http://dummyimage.com/173x100.png/cc0000/ffffff
944,232,http://dummyimage.com/238x100.png/5fa2dd/ffffff
945,39,http://dummyimage.com/172x100.png/5fa2dd/ffffff
946,38,http://dummyimage.com/152x100.png/dddddd/000000
947,81,http://dummyimage.com/172x100.png/cc0000/ffffff
948,349,http://dummyimage.com/217x100.png/ff4444/ffffff
949,371,http://dummyimage.com/183x100.png/ff4444/ffffff
950,142,http://dummyimage.com/180x100.png/cc0000/ffffff
951,333,http://dummyimage.com/149x100.png/cc0000/ffffff
952,210,http://dummyimage.com/186x100.png/cc0000/ffffff
953,172,http://dummyimage.com/181x100.png/5fa2dd/ffffff
954,395,http://dummyimage.com/194x100.png/dddddd/000000
955,77,http://dummyimage.com/111x100.png/cc0000/ffffff
956,191,http://dummyimage.com/245x100.png/5fa2dd/ffffff
957,333,http://dummyimage.com/142x100.png/dddddd/000000
958,175,http://dummyimage.com/217x100.png/5fa2dd/ffffff
959,282,http://dummyimage.com/137x100.png/cc0000/ffffff
960,216,http://dummyimage.com/211x100.png/5fa2dd/ffffff
961,282,http://dummyimage.com/118x100.png/dddddd/000000
962,225,http://dummyimage.com/144x100.png/5fa2dd/ffffff
963,94,http://dummyimage.com/130x100.png/5fa2dd/ffffff
964,342,http://dummyimage.com/218x100.png/cc0000/ffffff
965,186,http://dummyimage.com/126x100.png/dddddd/000000
966,249,http://dummyimage.com/243x100.png/ff4444/ffffff
967,168,http://dummyimage.com/196x100.png/cc0000/ffffff
968,233,http://dummyimage.com/242x100.png/5fa2dd/ffffff
969,263,http://dummyimage.com/240x100.png/5fa2dd/ffffff
970,197,http://dummyimage.com/109x100.png/5fa2dd/ffffff
971,341,http://dummyimage.com/219x100.png/5fa2dd/ffffff
972,105,http://dummyimage.com/142x100.png/5fa2dd/ffffff
973,204,http://dummyimage.com/198x100.png/5fa2dd/ffffff
974,188,http://dummyimage.com/249x100.png/cc0000/ffffff
975,207,http://dummyimage.com/198x100.png/cc0000/ffffff
976,136,http://dummyimage.com/221x100.png/cc0000/ffffff
977,148,http://dummyimage.com/181x100.png/cc0000/ffffff
978,398,http://dummyimage.com/131x100.png/dddddd/000000
979,382,http://dummyimage.com/116x100.png/dddddd/000000
980,352,http://dummyimage.com/173x100.png/cc0000/ffffff
981,346,http://dummyimage.com/167x100.png/dddddd/000000
982,225,http://dummyimage.com/143x100.png/5fa2dd/ffffff
983,184,http://dummyimage.com/103x100.png/dddddd/000000
984,21,http://dummyimage.com/205x100.png/dddddd/000000
985,11,http://dummyimage.com/195x100.png/cc0000/ffffff
986,10,http://dummyimage.com/195x100.png/dddddd/000000
987,251,http://dummyimage.com/171x100.png/ff4444/ffffff
988,286,http://dummyimage.com/203x100.png/ff4444/ffffff
989,297,http://dummyimage.com/181x100.png/dddddd/000000
990,350,http://dummyimage.com/184x100.png/ff4444/ffffff
991,248,http://dummyimage.com/220x100.png/ff4444/ffffff
992,241,http://dummyimage.com/102x100.png/5fa2dd/ffffff
993,167,http://dummyimage.com/167x100.png/5fa2dd/ffffff
994,116,http://dummyimage.com/132x100.png/dddddd/000000
995,209,http://dummyimage.com/123x100.png/ff4444/ffffff
996,314,http://dummyimage.com/133x100.png/ff4444/ffffff
997,389,http://dummyimage.com/189x100.png/cc0000/ffffff
998,213,http://dummyimage.com/187x100.png/5fa2dd/ffffff
999,25,http://dummyimage.com/138x100.png/5fa2dd/ffffff
1000,393,http://dummyimage.com/114x100.png/cc0000/ffffff
